image_id,image_path,class_id,side,print_gt
29002_0001,src\pill_ai\Pill_ai_pc3\data\sample_img\29002\IMG_20201202_163857.png,29002,unknown,
29002_0002,src\pill_ai\Pill_ai_pc3\data\sample_img\29002\IMG_20201202_163859.png,29002,unknown,
29002_0003,src\pill_ai\Pill_ai_pc3\data\sample_img\29002\IMG_20201202_163900.png,29002,unknown,
29002_0004,src\pill_ai\Pill_ai_pc3\data\sample_img\29002\IMG_20201202_163902.png,29002,unknown,
29002_0005,src\pill_ai\Pill_ai_pc3\data\sample_img\29002\IMG_20201202_163903.png,29002,unknown,
29002_0006,src\pill_ai\Pill_ai_pc3\data\sample_img\29002\IMG_20201202_163904.png,29002,unknown,
29002_0007,src\pill_ai\Pill_ai_pc3\data\sample_img\29002\IMG_20201202_163906.png,29002,unknown,
29002_0008,src\pill_ai\Pill_ai_pc3\data\sample_img\29002\IMG_20201202_163907.png,29002,unknown,
29002_0009,src\pill_ai\Pill_ai_pc3\data\sample_img\29002\IMG_20201202_163908.png,29002,unknown,
29002_0010,src\pill_ai\Pill_ai_pc3\data\sample_img\29002\IMG_20201202_163910.png,29002,unknown,
29002_0011,src\pill_ai\Pill_ai_pc3\data\sample_img\29002\IMG_20201202_163911.png,29002,unknown,
29002_0012,src\pill_ai\Pill_ai_pc3\data\sample_img\29002\IMG_20201202_163912.png,29002,unknown,
29002_0013,src\pill_ai\Pill_ai_pc3\data\sample_img\29002\IMG_20201202_163914.png,29002,unknown,
29002_0014,src\pill_ai\Pill_ai_pc3\data\sample_img\29002\IMG_20201202_163915.png,29002,unknown,
29002_0015,src\pill_ai\Pill_ai_pc3\data\sample_img\29002\IMG_20201202_163916.png,29002,unknown,
29002_0016,src\pill_ai\Pill_ai_pc3\data\sample_img\29002\IMG_20201202_163918.png,29002,unknown,
29002_0017,src\pill_ai\Pill_ai_pc3\data\sample_img\29002\IMG_20201202_163919.png,29002,unknown,
29002_0018,src\pill_ai\Pill_ai_pc3\data\sample_img\29002\IMG_20201202_163920.png,29002,unknown,
29002_0019,src\pill_ai\Pill_ai_pc3\data\sample_img\29002\IMG_20201202_163922.png,29002,unknown,
29002_0020,src\pill_ai\Pill_ai_pc3\data\sample_img\29002\IMG_20201202_163923.png,29002,unknown,
29002_0021,src\pill_ai\Pill_ai_pc3\data\sample_img\29002\IMG_20201202_163933.png,29002,unknown,
29002_0022,src\pill_ai\Pill_ai_pc3\data\sample_img\29002\IMG_20201202_163934.png,29002,unknown,
29002_0023,src\pill_ai\Pill_ai_pc3\data\sample_img\29002\IMG_20201202_163936.png,29002,unknown,
29002_0024,src\pill_ai\Pill_ai_pc3\data\sample_img\29002\IMG_20201202_163937.png,29002,unknown,
29002_0025,src\pill_ai\Pill_ai_pc3\data\sample_img\29002\IMG_20201202_163938.png,29002,unknown,
29002_0026,src\pill_ai\Pill_ai_pc3\data\sample_img\29002\IMG_20201202_163940.png,29002,unknown,
29002_0027,src\pill_ai\Pill_ai_pc3\data\sample_img\29002\IMG_20201202_163941.png,29002,unknown,
29002_0028,src\pill_ai\Pill_ai_pc3\data\sample_img\29002\IMG_20201202_163942.png,29002,unknown,
29002_0029,src\pill_ai\Pill_ai_pc3\data\sample_img\29002\IMG_20201202_163944.png,29002,unknown,
29002_0030,src\pill_ai\Pill_ai_pc3\data\sample_img\29002\IMG_20201202_163945.png,29002,unknown,
29002_0031,src\pill_ai\Pill_ai_pc3\data\sample_img\29002\IMG_20201202_163946.png,29002,unknown,
29002_0032,src\pill_ai\Pill_ai_pc3\data\sample_img\29002\IMG_20201202_163948.png,29002,unknown,
29002_0033,src\pill_ai\Pill_ai_pc3\data\sample_img\29002\IMG_20201202_163949.png,29002,unknown,
29002_0034,src\pill_ai\Pill_ai_pc3\data\sample_img\29002\IMG_20201202_163950.png,29002,unknown,
29002_0035,src\pill_ai\Pill_ai_pc3\data\sample_img\29002\IMG_20201202_163952.png,29002,unknown,
29002_0036,src\pill_ai\Pill_ai_pc3\data\sample_img\29002\IMG_20201202_163953.png,29002,unknown,
29002_0037,src\pill_ai\Pill_ai_pc3\data\sample_img\29002\IMG_20201202_163954.png,29002,unknown,
29002_0038,src\pill_ai\Pill_ai_pc3\data\sample_img\29002\IMG_20201202_163956.png,29002,unknown,
29002_0039,src\pill_ai\Pill_ai_pc3\data\sample_img\29002\IMG_20201202_163957.png,29002,unknown,
29002_0040,src\pill_ai\Pill_ai_pc3\data\sample_img\29002\IMG_20201202_163958.png,29002,unknown,
34342_0001,src\pill_ai\Pill_ai_pc3\data\sample_img\34342\IMG_20201124_155225.png,34342,unknown,
34342_0002,src\pill_ai\Pill_ai_pc3\data\sample_img\34342\IMG_20201124_155227.png,34342,unknown,
34342_0003,src\pill_ai\Pill_ai_pc3\data\sample_img\34342\IMG_20201124_155228.png,34342,unknown,
34342_0004,src\pill_ai\Pill_ai_pc3\data\sample_img\34342\IMG_20201124_155229.png,34342,unknown,
34342_0005,src\pill_ai\Pill_ai_pc3\data\sample_img\34342\IMG_20201124_155231.png,34342,unknown,
34342_0006,src\pill_ai\Pill_ai_pc3\data\sample_img\34342\IMG_20201124_155232.png,34342,unknown,
34342_0007,src\pill_ai\Pill_ai_pc3\data\sample_img\34342\IMG_20201124_155233.png,34342,unknown,
34342_0008,src\pill_ai\Pill_ai_pc3\data\sample_img\34342\IMG_20201124_155234.png,34342,unknown,
34342_0009,src\pill_ai\Pill_ai_pc3\data\sample_img\34342\IMG_20201124_155236.png,34342,unknown,
34342_0010,src\pill_ai\Pill_ai_pc3\data\sample_img\34342\IMG_20201124_155237.png,34342,unknown,
34342_0011,src\pill_ai\Pill_ai_pc3\data\sample_img\34342\IMG_20201124_155238.png,34342,unknown,
34342_0012,src\pill_ai\Pill_ai_pc3\data\sample_img\34342\IMG_20201124_155240.png,34342,unknown,
34342_0013,src\pill_ai\Pill_ai_pc3\data\sample_img\34342\IMG_20201124_155241.png,34342,unknown,
34342_0014,src\pill_ai\Pill_ai_pc3\data\sample_img\34342\IMG_20201124_155242.png,34342,unknown,
34342_0015,src\pill_ai\Pill_ai_pc3\data\sample_img\34342\IMG_20201124_155244.png,34342,unknown,
34342_0016,src\pill_ai\Pill_ai_pc3\data\sample_img\34342\IMG_20201124_155245.png,34342,unknown,
34342_0017,src\pill_ai\Pill_ai_pc3\data\sample_img\34342\IMG_20201124_155246.png,34342,unknown,
34342_0018,src\pill_ai\Pill_ai_pc3\data\sample_img\34342\IMG_20201124_155248.png,34342,unknown,
34342_0019,src\pill_ai\Pill_ai_pc3\data\sample_img\34342\IMG_20201124_155249.png,34342,unknown,
34342_0020,src\pill_ai\Pill_ai_pc3\data\sample_img\34342\IMG_20201124_155250.png,34342,unknown,
34342_0021,src\pill_ai\Pill_ai_pc3\data\sample_img\34342\IMG_20201124_155309.png,34342,unknown,
34342_0022,src\pill_ai\Pill_ai_pc3\data\sample_img\34342\IMG_20201124_155310.png,34342,unknown,
34342_0023,src\pill_ai\Pill_ai_pc3\data\sample_img\34342\IMG_20201124_155311.png,34342,unknown,
34342_0024,src\pill_ai\Pill_ai_pc3\data\sample_img\34342\IMG_20201124_155313.png,34342,unknown,
34342_0025,src\pill_ai\Pill_ai_pc3\data\sample_img\34342\IMG_20201124_155314.png,34342,unknown,
34342_0026,src\pill_ai\Pill_ai_pc3\data\sample_img\34342\IMG_20201124_155315.png,34342,unknown,
34342_0027,src\pill_ai\Pill_ai_pc3\data\sample_img\34342\IMG_20201124_155317.png,34342,unknown,
34342_0028,src\pill_ai\Pill_ai_pc3\data\sample_img\34342\IMG_20201124_155318.png,34342,unknown,
34342_0029,src\pill_ai\Pill_ai_pc3\data\sample_img\34342\IMG_20201124_155319.png,34342,unknown,
34342_0030,src\pill_ai\Pill_ai_pc3\data\sample_img\34342\IMG_20201124_155320.png,34342,unknown,
34342_0031,src\pill_ai\Pill_ai_pc3\data\sample_img\34342\IMG_20201124_155322.png,34342,unknown,
34342_0032,src\pill_ai\Pill_ai_pc3\data\sample_img\34342\IMG_20201124_155323.png,34342,unknown,
34342_0033,src\pill_ai\Pill_ai_pc3\data\sample_img\34342\IMG_20201124_155324.png,34342,unknown,
34342_0034,src\pill_ai\Pill_ai_pc3\data\sample_img\34342\IMG_20201124_155326.png,34342,unknown,
34342_0035,src\pill_ai\Pill_ai_pc3\data\sample_img\34342\IMG_20201124_155327.png,34342,unknown,
34342_0036,src\pill_ai\Pill_ai_pc3\data\sample_img\34342\IMG_20201124_155328.png,34342,unknown,
34342_0037,src\pill_ai\Pill_ai_pc3\data\sample_img\34342\IMG_20201124_155330.png,34342,unknown,
34342_0038,src\pill_ai\Pill_ai_pc3\data\sample_img\34342\IMG_20201124_155331.png,34342,unknown,
34342_0039,src\pill_ai\Pill_ai_pc3\data\sample_img\34342\IMG_20201124_155332.png,34342,unknown,
34342_0040,src\pill_ai\Pill_ai_pc3\data\sample_img\34342\IMG_20201124_155333.png,34342,unknown,
37990_0001,src\pill_ai\Pill_ai_pc3\data\sample_img\37990\IMG_20201122_165122.png,37990,unknown,
37990_0002,src\pill_ai\Pill_ai_pc3\data\sample_img\37990\IMG_20201122_165123.png,37990,unknown,
37990_0003,src\pill_ai\Pill_ai_pc3\data\sample_img\37990\IMG_20201122_165125.png,37990,unknown,
37990_0004,src\pill_ai\Pill_ai_pc3\data\sample_img\37990\IMG_20201122_165126.png,37990,unknown,
37990_0005,src\pill_ai\Pill_ai_pc3\data\sample_img\37990\IMG_20201122_165127.png,37990,unknown,
37990_0006,src\pill_ai\Pill_ai_pc3\data\sample_img\37990\IMG_20201122_165129.png,37990,unknown,
37990_0007,src\pill_ai\Pill_ai_pc3\data\sample_img\37990\IMG_20201122_165130.png,37990,unknown,
37990_0008,src\pill_ai\Pill_ai_pc3\data\sample_img\37990\IMG_20201122_165131.png,37990,unknown,
37990_0009,src\pill_ai\Pill_ai_pc3\data\sample_img\37990\IMG_20201122_165132.png,37990,unknown,
37990_0010,src\pill_ai\Pill_ai_pc3\data\sample_img\37990\IMG_20201122_165134.png,37990,unknown,
37990_0011,src\pill_ai\Pill_ai_pc3\data\sample_img\37990\IMG_20201122_165135.png,37990,unknown,
37990_0012,src\pill_ai\Pill_ai_pc3\data\sample_img\37990\IMG_20201122_165136.png,37990,unknown,
37990_0013,src\pill_ai\Pill_ai_pc3\data\sample_img\37990\IMG_20201122_165138.png,37990,unknown,
37990_0014,src\pill_ai\Pill_ai_pc3\data\sample_img\37990\IMG_20201122_165139.png,37990,unknown,
37990_0015,src\pill_ai\Pill_ai_pc3\data\sample_img\37990\IMG_20201122_165140.png,37990,unknown,
37990_0016,src\pill_ai\Pill_ai_pc3\data\sample_img\37990\IMG_20201122_165142.png,37990,unknown,
37990_0017,src\pill_ai\Pill_ai_pc3\data\sample_img\37990\IMG_20201122_165143.png,37990,unknown,
37990_0018,src\pill_ai\Pill_ai_pc3\data\sample_img\37990\IMG_20201122_165144.png,37990,unknown,
37990_0019,src\pill_ai\Pill_ai_pc3\data\sample_img\37990\IMG_20201122_165146.png,37990,unknown,
37990_0020,src\pill_ai\Pill_ai_pc3\data\sample_img\37990\IMG_20201122_165147.png,37990,unknown,
37990_0021,src\pill_ai\Pill_ai_pc3\data\sample_img\37990\IMG_20201122_165200.png,37990,unknown,
37990_0022,src\pill_ai\Pill_ai_pc3\data\sample_img\37990\IMG_20201122_165202.png,37990,unknown,
37990_0023,src\pill_ai\Pill_ai_pc3\data\sample_img\37990\IMG_20201122_165203.png,37990,unknown,
37990_0024,src\pill_ai\Pill_ai_pc3\data\sample_img\37990\IMG_20201122_165204.png,37990,unknown,
37990_0025,src\pill_ai\Pill_ai_pc3\data\sample_img\37990\IMG_20201122_165206.png,37990,unknown,
37990_0026,src\pill_ai\Pill_ai_pc3\data\sample_img\37990\IMG_20201122_165207.png,37990,unknown,
37990_0027,src\pill_ai\Pill_ai_pc3\data\sample_img\37990\IMG_20201122_165208.png,37990,unknown,
37990_0028,src\pill_ai\Pill_ai_pc3\data\sample_img\37990\IMG_20201122_165210.png,37990,unknown,
37990_0029,src\pill_ai\Pill_ai_pc3\data\sample_img\37990\IMG_20201122_165211.png,37990,unknown,
37990_0030,src\pill_ai\Pill_ai_pc3\data\sample_img\37990\IMG_20201122_165212.png,37990,unknown,
37990_0031,src\pill_ai\Pill_ai_pc3\data\sample_img\37990\IMG_20201122_165213.png,37990,unknown,
37990_0032,src\pill_ai\Pill_ai_pc3\data\sample_img\37990\IMG_20201122_165215.png,37990,unknown,
37990_0033,src\pill_ai\Pill_ai_pc3\data\sample_img\37990\IMG_20201122_165216.png,37990,unknown,
37990_0034,src\pill_ai\Pill_ai_pc3\data\sample_img\37990\IMG_20201122_165217.png,37990,unknown,
37990_0035,src\pill_ai\Pill_ai_pc3\data\sample_img\37990\IMG_20201122_165219.png,37990,unknown,
37990_0036,src\pill_ai\Pill_ai_pc3\data\sample_img\37990\IMG_20201122_165220.png,37990,unknown,
37990_0037,src\pill_ai\Pill_ai_pc3\data\sample_img\37990\IMG_20201122_165221.png,37990,unknown,
37990_0038,src\pill_ai\Pill_ai_pc3\data\sample_img\37990\IMG_20201122_165223.png,37990,unknown,
37990_0039,src\pill_ai\Pill_ai_pc3\data\sample_img\37990\IMG_20201122_165224.png,37990,unknown,
37990_0040,src\pill_ai\Pill_ai_pc3\data\sample_img\37990\IMG_20201122_165225.png,37990,unknown,
37990_0041,src\pill_ai\Pill_ai_pc3\data\sample_img\37990\IMG_20201209_170541.png,37990,unknown,
37990_0042,src\pill_ai\Pill_ai_pc3\data\sample_img\37990\IMG_20201209_170542.png,37990,unknown,
37990_0043,src\pill_ai\Pill_ai_pc3\data\sample_img\37990\IMG_20201209_170544.png,37990,unknown,
37990_0044,src\pill_ai\Pill_ai_pc3\data\sample_img\37990\IMG_20201209_170545.png,37990,unknown,
37990_0045,src\pill_ai\Pill_ai_pc3\data\sample_img\37990\IMG_20201209_170546.png,37990,unknown,
37990_0046,src\pill_ai\Pill_ai_pc3\data\sample_img\37990\IMG_20201209_170548.png,37990,unknown,
37990_0047,src\pill_ai\Pill_ai_pc3\data\sample_img\37990\IMG_20201209_170549.png,37990,unknown,
37990_0048,src\pill_ai\Pill_ai_pc3\data\sample_img\37990\IMG_20201209_170550.png,37990,unknown,
37990_0049,src\pill_ai\Pill_ai_pc3\data\sample_img\37990\IMG_20201209_170552.png,37990,unknown,
37990_0050,src\pill_ai\Pill_ai_pc3\data\sample_img\37990\IMG_20201209_170553.png,37990,unknown,
37990_0051,src\pill_ai\Pill_ai_pc3\data\sample_img\37990\IMG_20201209_170554.png,37990,unknown,
37990_0052,src\pill_ai\Pill_ai_pc3\data\sample_img\37990\IMG_20201209_170556.png,37990,unknown,
37990_0053,src\pill_ai\Pill_ai_pc3\data\sample_img\37990\IMG_20201209_170557.png,37990,unknown,
37990_0054,src\pill_ai\Pill_ai_pc3\data\sample_img\37990\IMG_20201209_170558.png,37990,unknown,
37990_0055,src\pill_ai\Pill_ai_pc3\data\sample_img\37990\IMG_20201209_170600.png,37990,unknown,
37990_0056,src\pill_ai\Pill_ai_pc3\data\sample_img\37990\IMG_20201209_170601.png,37990,unknown,
37990_0057,src\pill_ai\Pill_ai_pc3\data\sample_img\37990\IMG_20201209_170602.png,37990,unknown,
37990_0058,src\pill_ai\Pill_ai_pc3\data\sample_img\37990\IMG_20201209_170604.png,37990,unknown,
37990_0059,src\pill_ai\Pill_ai_pc3\data\sample_img\37990\IMG_20201209_170605.png,37990,unknown,
37990_0060,src\pill_ai\Pill_ai_pc3\data\sample_img\37990\IMG_20201209_170606.png,37990,unknown,
37990_0061,src\pill_ai\Pill_ai_pc3\data\sample_img\37990\IMG_20201209_170647.png,37990,unknown,
37990_0062,src\pill_ai\Pill_ai_pc3\data\sample_img\37990\IMG_20201209_170649.png,37990,unknown,
37990_0063,src\pill_ai\Pill_ai_pc3\data\sample_img\37990\IMG_20201209_170650.png,37990,unknown,
37990_0064,src\pill_ai\Pill_ai_pc3\data\sample_img\37990\IMG_20201209_170651.png,37990,unknown,
37990_0065,src\pill_ai\Pill_ai_pc3\data\sample_img\37990\IMG_20201209_170653.png,37990,unknown,
37990_0066,src\pill_ai\Pill_ai_pc3\data\sample_img\37990\IMG_20201209_170654.png,37990,unknown,
37990_0067,src\pill_ai\Pill_ai_pc3\data\sample_img\37990\IMG_20201209_170655.png,37990,unknown,
37990_0068,src\pill_ai\Pill_ai_pc3\data\sample_img\37990\IMG_20201209_170657.png,37990,unknown,
37990_0069,src\pill_ai\Pill_ai_pc3\data\sample_img\37990\IMG_20201209_170658.png,37990,unknown,
37990_0070,src\pill_ai\Pill_ai_pc3\data\sample_img\37990\IMG_20201209_170659.png,37990,unknown,
37990_0071,src\pill_ai\Pill_ai_pc3\data\sample_img\37990\IMG_20201209_170701.png,37990,unknown,
37990_0072,src\pill_ai\Pill_ai_pc3\data\sample_img\37990\IMG_20201209_170702.png,37990,unknown,
37990_0073,src\pill_ai\Pill_ai_pc3\data\sample_img\37990\IMG_20201209_170703.png,37990,unknown,
37990_0074,src\pill_ai\Pill_ai_pc3\data\sample_img\37990\IMG_20201209_170705.png,37990,unknown,
37990_0075,src\pill_ai\Pill_ai_pc3\data\sample_img\37990\IMG_20201209_170706.png,37990,unknown,
37990_0076,src\pill_ai\Pill_ai_pc3\data\sample_img\37990\IMG_20201209_170707.png,37990,unknown,
37990_0077,src\pill_ai\Pill_ai_pc3\data\sample_img\37990\IMG_20201209_170709.png,37990,unknown,
37990_0078,src\pill_ai\Pill_ai_pc3\data\sample_img\37990\IMG_20201209_170710.png,37990,unknown,
37990_0079,src\pill_ai\Pill_ai_pc3\data\sample_img\37990\IMG_20201209_170711.png,37990,unknown,
37990_0080,src\pill_ai\Pill_ai_pc3\data\sample_img\37990\IMG_20201209_170713.png,37990,unknown,
39916_0001,src\pill_ai\Pill_ai_pc3\data\sample_img\39916\IMG_20201029_205212.png,39916,unknown,
39916_0002,src\pill_ai\Pill_ai_pc3\data\sample_img\39916\IMG_20201029_205213.png,39916,unknown,
39916_0003,src\pill_ai\Pill_ai_pc3\data\sample_img\39916\IMG_20201029_205214.png,39916,unknown,
39916_0004,src\pill_ai\Pill_ai_pc3\data\sample_img\39916\IMG_20201029_205215.png,39916,unknown,
39916_0005,src\pill_ai\Pill_ai_pc3\data\sample_img\39916\IMG_20201029_205216.png,39916,unknown,
39916_0006,src\pill_ai\Pill_ai_pc3\data\sample_img\39916\IMG_20201029_205217.png,39916,unknown,
39916_0007,src\pill_ai\Pill_ai_pc3\data\sample_img\39916\IMG_20201029_205218.png,39916,unknown,
39916_0008,src\pill_ai\Pill_ai_pc3\data\sample_img\39916\IMG_20201029_205219.png,39916,unknown,
39916_0009,src\pill_ai\Pill_ai_pc3\data\sample_img\39916\IMG_20201029_205220.png,39916,unknown,
39916_0010,src\pill_ai\Pill_ai_pc3\data\sample_img\39916\IMG_20201029_205221.png,39916,unknown,
39916_0011,src\pill_ai\Pill_ai_pc3\data\sample_img\39916\IMG_20201029_205222.png,39916,unknown,
39916_0012,src\pill_ai\Pill_ai_pc3\data\sample_img\39916\IMG_20201029_205223.png,39916,unknown,
39916_0013,src\pill_ai\Pill_ai_pc3\data\sample_img\39916\IMG_20201029_205224.png,39916,unknown,
39916_0014,src\pill_ai\Pill_ai_pc3\data\sample_img\39916\IMG_20201029_205225.png,39916,unknown,
39916_0015,src\pill_ai\Pill_ai_pc3\data\sample_img\39916\IMG_20201029_205226.png,39916,unknown,
39916_0016,src\pill_ai\Pill_ai_pc3\data\sample_img\39916\IMG_20201029_205227.png,39916,unknown,
39916_0017,src\pill_ai\Pill_ai_pc3\data\sample_img\39916\IMG_20201029_205228.png,39916,unknown,
39916_0018,src\pill_ai\Pill_ai_pc3\data\sample_img\39916\IMG_20201029_205229.png,39916,unknown,
39916_0019,src\pill_ai\Pill_ai_pc3\data\sample_img\39916\IMG_20201029_205230.png,39916,unknown,
39916_0020,src\pill_ai\Pill_ai_pc3\data\sample_img\39916\IMG_20201029_205231.png,39916,unknown,
39916_0021,src\pill_ai\Pill_ai_pc3\data\sample_img\39916\IMG_20201029_205303.png,39916,unknown,
39916_0022,src\pill_ai\Pill_ai_pc3\data\sample_img\39916\IMG_20201029_205304.png,39916,unknown,
39916_0023,src\pill_ai\Pill_ai_pc3\data\sample_img\39916\IMG_20201029_205305.png,39916,unknown,
39916_0024,src\pill_ai\Pill_ai_pc3\data\sample_img\39916\IMG_20201029_205306.png,39916,unknown,
39916_0025,src\pill_ai\Pill_ai_pc3\data\sample_img\39916\IMG_20201029_205307.png,39916,unknown,
39916_0026,src\pill_ai\Pill_ai_pc3\data\sample_img\39916\IMG_20201029_205308.png,39916,unknown,
39916_0027,src\pill_ai\Pill_ai_pc3\data\sample_img\39916\IMG_20201029_205309.png,39916,unknown,
39916_0028,src\pill_ai\Pill_ai_pc3\data\sample_img\39916\IMG_20201029_205310.png,39916,unknown,
39916_0029,src\pill_ai\Pill_ai_pc3\data\sample_img\39916\IMG_20201029_205311.png,39916,unknown,
39916_0030,src\pill_ai\Pill_ai_pc3\data\sample_img\39916\IMG_20201029_205312.png,39916,unknown,
39916_0031,src\pill_ai\Pill_ai_pc3\data\sample_img\39916\IMG_20201029_205313.png,39916,unknown,
39916_0032,src\pill_ai\Pill_ai_pc3\data\sample_img\39916\IMG_20201029_205314.png,39916,unknown,
39916_0033,src\pill_ai\Pill_ai_pc3\data\sample_img\39916\IMG_20201029_205315.png,39916,unknown,
39916_0034,src\pill_ai\Pill_ai_pc3\data\sample_img\39916\IMG_20201029_205316.png,39916,unknown,
39916_0035,src\pill_ai\Pill_ai_pc3\data\sample_img\39916\IMG_20201029_205317.png,39916,unknown,
39916_0036,src\pill_ai\Pill_ai_pc3\data\sample_img\39916\IMG_20201029_205318.png,39916,unknown,
39916_0037,src\pill_ai\Pill_ai_pc3\data\sample_img\39916\IMG_20201029_205319.png,39916,unknown,
39916_0038,src\pill_ai\Pill_ai_pc3\data\sample_img\39916\IMG_20201029_205320.png,39916,unknown,
39916_0039,src\pill_ai\Pill_ai_pc3\data\sample_img\39916\IMG_20201029_205321.png,39916,unknown,
39916_0040,src\pill_ai\Pill_ai_pc3\data\sample_img\39916\IMG_20201029_205322.png,39916,unknown,
40122_0001,src\pill_ai\Pill_ai_pc3\data\sample_img\40122\IMG_20201029_210458.png,40122,unknown,
40122_0002,src\pill_ai\Pill_ai_pc3\data\sample_img\40122\IMG_20201029_210459.png,40122,unknown,
40122_0003,src\pill_ai\Pill_ai_pc3\data\sample_img\40122\IMG_20201029_210500.png,40122,unknown,
40122_0004,src\pill_ai\Pill_ai_pc3\data\sample_img\40122\IMG_20201029_210501.png,40122,unknown,
40122_0005,src\pill_ai\Pill_ai_pc3\data\sample_img\40122\IMG_20201029_210502.png,40122,unknown,
40122_0006,src\pill_ai\Pill_ai_pc3\data\sample_img\40122\IMG_20201029_210503.png,40122,unknown,
40122_0007,src\pill_ai\Pill_ai_pc3\data\sample_img\40122\IMG_20201029_210504.png,40122,unknown,
40122_0008,src\pill_ai\Pill_ai_pc3\data\sample_img\40122\IMG_20201029_210505.png,40122,unknown,
40122_0009,src\pill_ai\Pill_ai_pc3\data\sample_img\40122\IMG_20201029_210506.png,40122,unknown,
40122_0010,src\pill_ai\Pill_ai_pc3\data\sample_img\40122\IMG_20201029_210507.png,40122,unknown,
40122_0011,src\pill_ai\Pill_ai_pc3\data\sample_img\40122\IMG_20201029_210508.png,40122,unknown,
40122_0012,src\pill_ai\Pill_ai_pc3\data\sample_img\40122\IMG_20201029_210509.png,40122,unknown,
40122_0013,src\pill_ai\Pill_ai_pc3\data\sample_img\40122\IMG_20201029_210510.png,40122,unknown,
40122_0014,src\pill_ai\Pill_ai_pc3\data\sample_img\40122\IMG_20201029_210511.png,40122,unknown,
40122_0015,src\pill_ai\Pill_ai_pc3\data\sample_img\40122\IMG_20201029_210512.png,40122,unknown,
40122_0016,src\pill_ai\Pill_ai_pc3\data\sample_img\40122\IMG_20201029_210513.png,40122,unknown,
40122_0017,src\pill_ai\Pill_ai_pc3\data\sample_img\40122\IMG_20201029_210514.png,40122,unknown,
40122_0018,src\pill_ai\Pill_ai_pc3\data\sample_img\40122\IMG_20201029_210515.png,40122,unknown,
40122_0019,src\pill_ai\Pill_ai_pc3\data\sample_img\40122\IMG_20201029_210516.png,40122,unknown,
40122_0020,src\pill_ai\Pill_ai_pc3\data\sample_img\40122\IMG_20201029_210517.png,40122,unknown,
40122_0021,src\pill_ai\Pill_ai_pc3\data\sample_img\40122\IMG_20201029_210548.png,40122,unknown,
40122_0022,src\pill_ai\Pill_ai_pc3\data\sample_img\40122\IMG_20201029_210549.png,40122,unknown,
40122_0023,src\pill_ai\Pill_ai_pc3\data\sample_img\40122\IMG_20201029_210550.png,40122,unknown,
40122_0024,src\pill_ai\Pill_ai_pc3\data\sample_img\40122\IMG_20201029_210551.png,40122,unknown,
40122_0025,src\pill_ai\Pill_ai_pc3\data\sample_img\40122\IMG_20201029_210552.png,40122,unknown,
40122_0026,src\pill_ai\Pill_ai_pc3\data\sample_img\40122\IMG_20201029_210553.png,40122,unknown,
40122_0027,src\pill_ai\Pill_ai_pc3\data\sample_img\40122\IMG_20201029_210554.png,40122,unknown,
40122_0028,src\pill_ai\Pill_ai_pc3\data\sample_img\40122\IMG_20201029_210555.png,40122,unknown,
40122_0029,src\pill_ai\Pill_ai_pc3\data\sample_img\40122\IMG_20201029_210556.png,40122,unknown,
40122_0030,src\pill_ai\Pill_ai_pc3\data\sample_img\40122\IMG_20201029_210557.png,40122,unknown,
40122_0031,src\pill_ai\Pill_ai_pc3\data\sample_img\40122\IMG_20201029_210558.png,40122,unknown,
40122_0032,src\pill_ai\Pill_ai_pc3\data\sample_img\40122\IMG_20201029_210559.png,40122,unknown,
40122_0033,src\pill_ai\Pill_ai_pc3\data\sample_img\40122\IMG_20201029_210600.png,40122,unknown,
40122_0034,src\pill_ai\Pill_ai_pc3\data\sample_img\40122\IMG_20201029_210601.png,40122,unknown,
40122_0035,src\pill_ai\Pill_ai_pc3\data\sample_img\40122\IMG_20201029_210602.png,40122,unknown,
40122_0036,src\pill_ai\Pill_ai_pc3\data\sample_img\40122\IMG_20201029_210603.png,40122,unknown,
40122_0037,src\pill_ai\Pill_ai_pc3\data\sample_img\40122\IMG_20201029_210604.png,40122,unknown,
40122_0038,src\pill_ai\Pill_ai_pc3\data\sample_img\40122\IMG_20201029_210605.png,40122,unknown,
40122_0039,src\pill_ai\Pill_ai_pc3\data\sample_img\40122\IMG_20201029_210606.png,40122,unknown,
40122_0040,src\pill_ai\Pill_ai_pc3\data\sample_img\40122\IMG_20201029_210607.png,40122,unknown,
40720_0001,src\pill_ai\Pill_ai_pc3\data\sample_img\40720\IMG_20201202_001003.png,40720,unknown,
40720_0002,src\pill_ai\Pill_ai_pc3\data\sample_img\40720\IMG_20201202_001004.png,40720,unknown,
40720_0003,src\pill_ai\Pill_ai_pc3\data\sample_img\40720\IMG_20201202_001006.png,40720,unknown,
40720_0004,src\pill_ai\Pill_ai_pc3\data\sample_img\40720\IMG_20201202_001007.png,40720,unknown,
40720_0005,src\pill_ai\Pill_ai_pc3\data\sample_img\40720\IMG_20201202_001008.png,40720,unknown,
40720_0006,src\pill_ai\Pill_ai_pc3\data\sample_img\40720\IMG_20201202_001010.png,40720,unknown,
40720_0007,src\pill_ai\Pill_ai_pc3\data\sample_img\40720\IMG_20201202_001011.png,40720,unknown,
40720_0008,src\pill_ai\Pill_ai_pc3\data\sample_img\40720\IMG_20201202_001012.png,40720,unknown,
40720_0009,src\pill_ai\Pill_ai_pc3\data\sample_img\40720\IMG_20201202_001014.png,40720,unknown,
40720_0010,src\pill_ai\Pill_ai_pc3\data\sample_img\40720\IMG_20201202_001015.png,40720,unknown,
40720_0011,src\pill_ai\Pill_ai_pc3\data\sample_img\40720\IMG_20201202_001016.png,40720,unknown,
40720_0012,src\pill_ai\Pill_ai_pc3\data\sample_img\40720\IMG_20201202_001018.png,40720,unknown,
40720_0013,src\pill_ai\Pill_ai_pc3\data\sample_img\40720\IMG_20201202_001019.png,40720,unknown,
40720_0014,src\pill_ai\Pill_ai_pc3\data\sample_img\40720\IMG_20201202_001020.png,40720,unknown,
40720_0015,src\pill_ai\Pill_ai_pc3\data\sample_img\40720\IMG_20201202_001022.png,40720,unknown,
40720_0016,src\pill_ai\Pill_ai_pc3\data\sample_img\40720\IMG_20201202_001023.png,40720,unknown,
40720_0017,src\pill_ai\Pill_ai_pc3\data\sample_img\40720\IMG_20201202_001024.png,40720,unknown,
40720_0018,src\pill_ai\Pill_ai_pc3\data\sample_img\40720\IMG_20201202_001025.png,40720,unknown,
40720_0019,src\pill_ai\Pill_ai_pc3\data\sample_img\40720\IMG_20201202_001027.png,40720,unknown,
40720_0020,src\pill_ai\Pill_ai_pc3\data\sample_img\40720\IMG_20201202_001028.png,40720,unknown,
40720_0021,src\pill_ai\Pill_ai_pc3\data\sample_img\40720\IMG_20201202_001045.png,40720,unknown,
40720_0022,src\pill_ai\Pill_ai_pc3\data\sample_img\40720\IMG_20201202_001046.png,40720,unknown,
40720_0023,src\pill_ai\Pill_ai_pc3\data\sample_img\40720\IMG_20201202_001048.png,40720,unknown,
40720_0024,src\pill_ai\Pill_ai_pc3\data\sample_img\40720\IMG_20201202_001049.png,40720,unknown,
40720_0025,src\pill_ai\Pill_ai_pc3\data\sample_img\40720\IMG_20201202_001050.png,40720,unknown,
40720_0026,src\pill_ai\Pill_ai_pc3\data\sample_img\40720\IMG_20201202_001052.png,40720,unknown,
40720_0027,src\pill_ai\Pill_ai_pc3\data\sample_img\40720\IMG_20201202_001053.png,40720,unknown,
40720_0028,src\pill_ai\Pill_ai_pc3\data\sample_img\40720\IMG_20201202_001054.png,40720,unknown,
40720_0029,src\pill_ai\Pill_ai_pc3\data\sample_img\40720\IMG_20201202_001056.png,40720,unknown,
40720_0030,src\pill_ai\Pill_ai_pc3\data\sample_img\40720\IMG_20201202_001057.png,40720,unknown,
40720_0031,src\pill_ai\Pill_ai_pc3\data\sample_img\40720\IMG_20201202_001059.png,40720,unknown,
40720_0032,src\pill_ai\Pill_ai_pc3\data\sample_img\40720\IMG_20201202_001100.png,40720,unknown,
40720_0033,src\pill_ai\Pill_ai_pc3\data\sample_img\40720\IMG_20201202_001101.png,40720,unknown,
40720_0034,src\pill_ai\Pill_ai_pc3\data\sample_img\40720\IMG_20201202_001103.png,40720,unknown,
40720_0035,src\pill_ai\Pill_ai_pc3\data\sample_img\40720\IMG_20201202_001104.png,40720,unknown,
40720_0036,src\pill_ai\Pill_ai_pc3\data\sample_img\40720\IMG_20201202_001105.png,40720,unknown,
40720_0037,src\pill_ai\Pill_ai_pc3\data\sample_img\40720\IMG_20201202_001106.png,40720,unknown,
40720_0038,src\pill_ai\Pill_ai_pc3\data\sample_img\40720\IMG_20201202_001108.png,40720,unknown,
40720_0039,src\pill_ai\Pill_ai_pc3\data\sample_img\40720\IMG_20201202_001109.png,40720,unknown,
40720_0040,src\pill_ai\Pill_ai_pc3\data\sample_img\40720\IMG_20201202_001110.png,40720,unknown,
40767_0001,src\pill_ai\Pill_ai_pc3\data\sample_img\40767\IMG_20201125_132735.png,40767,unknown,
40767_0002,src\pill_ai\Pill_ai_pc3\data\sample_img\40767\IMG_20201125_132736.png,40767,unknown,
40767_0003,src\pill_ai\Pill_ai_pc3\data\sample_img\40767\IMG_20201125_132737.png,40767,unknown,
40767_0004,src\pill_ai\Pill_ai_pc3\data\sample_img\40767\IMG_20201125_132739.png,40767,unknown,
40767_0005,src\pill_ai\Pill_ai_pc3\data\sample_img\40767\IMG_20201125_132740.png,40767,unknown,
40767_0006,src\pill_ai\Pill_ai_pc3\data\sample_img\40767\IMG_20201125_132741.png,40767,unknown,
40767_0007,src\pill_ai\Pill_ai_pc3\data\sample_img\40767\IMG_20201125_132743.png,40767,unknown,
40767_0008,src\pill_ai\Pill_ai_pc3\data\sample_img\40767\IMG_20201125_132744.png,40767,unknown,
40767_0009,src\pill_ai\Pill_ai_pc3\data\sample_img\40767\IMG_20201125_132745.png,40767,unknown,
40767_0010,src\pill_ai\Pill_ai_pc3\data\sample_img\40767\IMG_20201125_132747.png,40767,unknown,
40767_0011,src\pill_ai\Pill_ai_pc3\data\sample_img\40767\IMG_20201125_132748.png,40767,unknown,
40767_0012,src\pill_ai\Pill_ai_pc3\data\sample_img\40767\IMG_20201125_132749.png,40767,unknown,
40767_0013,src\pill_ai\Pill_ai_pc3\data\sample_img\40767\IMG_20201125_132750.png,40767,unknown,
40767_0014,src\pill_ai\Pill_ai_pc3\data\sample_img\40767\IMG_20201125_132752.png,40767,unknown,
40767_0015,src\pill_ai\Pill_ai_pc3\data\sample_img\40767\IMG_20201125_132753.png,40767,unknown,
40767_0016,src\pill_ai\Pill_ai_pc3\data\sample_img\40767\IMG_20201125_132754.png,40767,unknown,
40767_0017,src\pill_ai\Pill_ai_pc3\data\sample_img\40767\IMG_20201125_132756.png,40767,unknown,
40767_0018,src\pill_ai\Pill_ai_pc3\data\sample_img\40767\IMG_20201125_132757.png,40767,unknown,
40767_0019,src\pill_ai\Pill_ai_pc3\data\sample_img\40767\IMG_20201125_132758.png,40767,unknown,
40767_0020,src\pill_ai\Pill_ai_pc3\data\sample_img\40767\IMG_20201125_132800.png,40767,unknown,
40767_0021,src\pill_ai\Pill_ai_pc3\data\sample_img\40767\IMG_20201125_132809.png,40767,unknown,
40767_0022,src\pill_ai\Pill_ai_pc3\data\sample_img\40767\IMG_20201125_132810.png,40767,unknown,
40767_0023,src\pill_ai\Pill_ai_pc3\data\sample_img\40767\IMG_20201125_132812.png,40767,unknown,
40767_0024,src\pill_ai\Pill_ai_pc3\data\sample_img\40767\IMG_20201125_132813.png,40767,unknown,
40767_0025,src\pill_ai\Pill_ai_pc3\data\sample_img\40767\IMG_20201125_132814.png,40767,unknown,
40767_0026,src\pill_ai\Pill_ai_pc3\data\sample_img\40767\IMG_20201125_132816.png,40767,unknown,
40767_0027,src\pill_ai\Pill_ai_pc3\data\sample_img\40767\IMG_20201125_132817.png,40767,unknown,
40767_0028,src\pill_ai\Pill_ai_pc3\data\sample_img\40767\IMG_20201125_132818.png,40767,unknown,
40767_0029,src\pill_ai\Pill_ai_pc3\data\sample_img\40767\IMG_20201125_132820.png,40767,unknown,
40767_0030,src\pill_ai\Pill_ai_pc3\data\sample_img\40767\IMG_20201125_132821.png,40767,unknown,
40767_0031,src\pill_ai\Pill_ai_pc3\data\sample_img\40767\IMG_20201125_132822.png,40767,unknown,
40767_0032,src\pill_ai\Pill_ai_pc3\data\sample_img\40767\IMG_20201125_132824.png,40767,unknown,
40767_0033,src\pill_ai\Pill_ai_pc3\data\sample_img\40767\IMG_20201125_132825.png,40767,unknown,
40767_0034,src\pill_ai\Pill_ai_pc3\data\sample_img\40767\IMG_20201125_132826.png,40767,unknown,
40767_0035,src\pill_ai\Pill_ai_pc3\data\sample_img\40767\IMG_20201125_132828.png,40767,unknown,
40767_0036,src\pill_ai\Pill_ai_pc3\data\sample_img\40767\IMG_20201125_132829.png,40767,unknown,
40767_0037,src\pill_ai\Pill_ai_pc3\data\sample_img\40767\IMG_20201125_132830.png,40767,unknown,
40767_0038,src\pill_ai\Pill_ai_pc3\data\sample_img\40767\IMG_20201125_132832.png,40767,unknown,
40767_0039,src\pill_ai\Pill_ai_pc3\data\sample_img\40767\IMG_20201125_132833.png,40767,unknown,
40767_0040,src\pill_ai\Pill_ai_pc3\data\sample_img\40767\IMG_20201125_132834.png,40767,unknown,
40792_0001,src\pill_ai\Pill_ai_pc3\data\sample_img\40792\IMG_20201201_202814.png,40792,unknown,
40792_0002,src\pill_ai\Pill_ai_pc3\data\sample_img\40792\IMG_20201201_202816.png,40792,unknown,
40792_0003,src\pill_ai\Pill_ai_pc3\data\sample_img\40792\IMG_20201201_202817.png,40792,unknown,
40792_0004,src\pill_ai\Pill_ai_pc3\data\sample_img\40792\IMG_20201201_202819.png,40792,unknown,
40792_0005,src\pill_ai\Pill_ai_pc3\data\sample_img\40792\IMG_20201201_202820.png,40792,unknown,
40792_0006,src\pill_ai\Pill_ai_pc3\data\sample_img\40792\IMG_20201201_202822.png,40792,unknown,
40792_0007,src\pill_ai\Pill_ai_pc3\data\sample_img\40792\IMG_20201201_202823.png,40792,unknown,
40792_0008,src\pill_ai\Pill_ai_pc3\data\sample_img\40792\IMG_20201201_202825.png,40792,unknown,
40792_0009,src\pill_ai\Pill_ai_pc3\data\sample_img\40792\IMG_20201201_202826.png,40792,unknown,
40792_0010,src\pill_ai\Pill_ai_pc3\data\sample_img\40792\IMG_20201201_202828.png,40792,unknown,
40792_0011,src\pill_ai\Pill_ai_pc3\data\sample_img\40792\IMG_20201201_202829.png,40792,unknown,
40792_0012,src\pill_ai\Pill_ai_pc3\data\sample_img\40792\IMG_20201201_202831.png,40792,unknown,
40792_0013,src\pill_ai\Pill_ai_pc3\data\sample_img\40792\IMG_20201201_202832.png,40792,unknown,
40792_0014,src\pill_ai\Pill_ai_pc3\data\sample_img\40792\IMG_20201201_202834.png,40792,unknown,
40792_0015,src\pill_ai\Pill_ai_pc3\data\sample_img\40792\IMG_20201201_202835.png,40792,unknown,
40792_0016,src\pill_ai\Pill_ai_pc3\data\sample_img\40792\IMG_20201201_202837.png,40792,unknown,
40792_0017,src\pill_ai\Pill_ai_pc3\data\sample_img\40792\IMG_20201201_202838.png,40792,unknown,
40792_0018,src\pill_ai\Pill_ai_pc3\data\sample_img\40792\IMG_20201201_202840.png,40792,unknown,
40792_0019,src\pill_ai\Pill_ai_pc3\data\sample_img\40792\IMG_20201201_202841.png,40792,unknown,
40792_0020,src\pill_ai\Pill_ai_pc3\data\sample_img\40792\IMG_20201201_202843.png,40792,unknown,
40792_0021,src\pill_ai\Pill_ai_pc3\data\sample_img\40792\IMG_20201201_202849.png,40792,unknown,
40792_0022,src\pill_ai\Pill_ai_pc3\data\sample_img\40792\IMG_20201201_202850.png,40792,unknown,
40792_0023,src\pill_ai\Pill_ai_pc3\data\sample_img\40792\IMG_20201201_202852.png,40792,unknown,
40792_0024,src\pill_ai\Pill_ai_pc3\data\sample_img\40792\IMG_20201201_202853.png,40792,unknown,
40792_0025,src\pill_ai\Pill_ai_pc3\data\sample_img\40792\IMG_20201201_202855.png,40792,unknown,
40792_0026,src\pill_ai\Pill_ai_pc3\data\sample_img\40792\IMG_20201201_202856.png,40792,unknown,
40792_0027,src\pill_ai\Pill_ai_pc3\data\sample_img\40792\IMG_20201201_202858.png,40792,unknown,
40792_0028,src\pill_ai\Pill_ai_pc3\data\sample_img\40792\IMG_20201201_202859.png,40792,unknown,
40792_0029,src\pill_ai\Pill_ai_pc3\data\sample_img\40792\IMG_20201201_202901.png,40792,unknown,
40792_0030,src\pill_ai\Pill_ai_pc3\data\sample_img\40792\IMG_20201201_202902.png,40792,unknown,
40792_0031,src\pill_ai\Pill_ai_pc3\data\sample_img\40792\IMG_20201201_202904.png,40792,unknown,
40792_0032,src\pill_ai\Pill_ai_pc3\data\sample_img\40792\IMG_20201201_202905.png,40792,unknown,
40792_0033,src\pill_ai\Pill_ai_pc3\data\sample_img\40792\IMG_20201201_202907.png,40792,unknown,
40792_0034,src\pill_ai\Pill_ai_pc3\data\sample_img\40792\IMG_20201201_202908.png,40792,unknown,
40792_0035,src\pill_ai\Pill_ai_pc3\data\sample_img\40792\IMG_20201201_202910.png,40792,unknown,
40792_0036,src\pill_ai\Pill_ai_pc3\data\sample_img\40792\IMG_20201201_202911.png,40792,unknown,
40792_0037,src\pill_ai\Pill_ai_pc3\data\sample_img\40792\IMG_20201201_202913.png,40792,unknown,
40792_0038,src\pill_ai\Pill_ai_pc3\data\sample_img\40792\IMG_20201201_202914.png,40792,unknown,
40792_0039,src\pill_ai\Pill_ai_pc3\data\sample_img\40792\IMG_20201201_202916.png,40792,unknown,
40792_0040,src\pill_ai\Pill_ai_pc3\data\sample_img\40792\IMG_20201201_202917.png,40792,unknown,
40837_0001,src\pill_ai\Pill_ai_pc3\data\sample_img\40837\IMG_20201201_193939.png,40837,unknown,
40837_0002,src\pill_ai\Pill_ai_pc3\data\sample_img\40837\IMG_20201201_193940.png,40837,unknown,
40837_0003,src\pill_ai\Pill_ai_pc3\data\sample_img\40837\IMG_20201201_193942.png,40837,unknown,
40837_0004,src\pill_ai\Pill_ai_pc3\data\sample_img\40837\IMG_20201201_193943.png,40837,unknown,
40837_0005,src\pill_ai\Pill_ai_pc3\data\sample_img\40837\IMG_20201201_193944.png,40837,unknown,
40837_0006,src\pill_ai\Pill_ai_pc3\data\sample_img\40837\IMG_20201201_193946.png,40837,unknown,
40837_0007,src\pill_ai\Pill_ai_pc3\data\sample_img\40837\IMG_20201201_193947.png,40837,unknown,
40837_0008,src\pill_ai\Pill_ai_pc3\data\sample_img\40837\IMG_20201201_193948.png,40837,unknown,
40837_0009,src\pill_ai\Pill_ai_pc3\data\sample_img\40837\IMG_20201201_193950.png,40837,unknown,
40837_0010,src\pill_ai\Pill_ai_pc3\data\sample_img\40837\IMG_20201201_193951.png,40837,unknown,
40837_0011,src\pill_ai\Pill_ai_pc3\data\sample_img\40837\IMG_20201201_193952.png,40837,unknown,
40837_0012,src\pill_ai\Pill_ai_pc3\data\sample_img\40837\IMG_20201201_193954.png,40837,unknown,
40837_0013,src\pill_ai\Pill_ai_pc3\data\sample_img\40837\IMG_20201201_193955.png,40837,unknown,
40837_0014,src\pill_ai\Pill_ai_pc3\data\sample_img\40837\IMG_20201201_193956.png,40837,unknown,
40837_0015,src\pill_ai\Pill_ai_pc3\data\sample_img\40837\IMG_20201201_193958.png,40837,unknown,
40837_0016,src\pill_ai\Pill_ai_pc3\data\sample_img\40837\IMG_20201201_193959.png,40837,unknown,
40837_0017,src\pill_ai\Pill_ai_pc3\data\sample_img\40837\IMG_20201201_194000.png,40837,unknown,
40837_0018,src\pill_ai\Pill_ai_pc3\data\sample_img\40837\IMG_20201201_194002.png,40837,unknown,
40837_0019,src\pill_ai\Pill_ai_pc3\data\sample_img\40837\IMG_20201201_194003.png,40837,unknown,
40837_0020,src\pill_ai\Pill_ai_pc3\data\sample_img\40837\IMG_20201201_194004.png,40837,unknown,
40837_0021,src\pill_ai\Pill_ai_pc3\data\sample_img\40837\IMG_20201201_194013.png,40837,unknown,
40837_0022,src\pill_ai\Pill_ai_pc3\data\sample_img\40837\IMG_20201201_194014.png,40837,unknown,
40837_0023,src\pill_ai\Pill_ai_pc3\data\sample_img\40837\IMG_20201201_194015.png,40837,unknown,
40837_0024,src\pill_ai\Pill_ai_pc3\data\sample_img\40837\IMG_20201201_194017.png,40837,unknown,
40837_0025,src\pill_ai\Pill_ai_pc3\data\sample_img\40837\IMG_20201201_194018.png,40837,unknown,
40837_0026,src\pill_ai\Pill_ai_pc3\data\sample_img\40837\IMG_20201201_194019.png,40837,unknown,
40837_0027,src\pill_ai\Pill_ai_pc3\data\sample_img\40837\IMG_20201201_194021.png,40837,unknown,
40837_0028,src\pill_ai\Pill_ai_pc3\data\sample_img\40837\IMG_20201201_194022.png,40837,unknown,
40837_0029,src\pill_ai\Pill_ai_pc3\data\sample_img\40837\IMG_20201201_194023.png,40837,unknown,
40837_0030,src\pill_ai\Pill_ai_pc3\data\sample_img\40837\IMG_20201201_194025.png,40837,unknown,
40837_0031,src\pill_ai\Pill_ai_pc3\data\sample_img\40837\IMG_20201201_194026.png,40837,unknown,
40837_0032,src\pill_ai\Pill_ai_pc3\data\sample_img\40837\IMG_20201201_194027.png,40837,unknown,
40837_0033,src\pill_ai\Pill_ai_pc3\data\sample_img\40837\IMG_20201201_194029.png,40837,unknown,
40837_0034,src\pill_ai\Pill_ai_pc3\data\sample_img\40837\IMG_20201201_194030.png,40837,unknown,
40837_0035,src\pill_ai\Pill_ai_pc3\data\sample_img\40837\IMG_20201201_194031.png,40837,unknown,
40837_0036,src\pill_ai\Pill_ai_pc3\data\sample_img\40837\IMG_20201201_194033.png,40837,unknown,
40837_0037,src\pill_ai\Pill_ai_pc3\data\sample_img\40837\IMG_20201201_194034.png,40837,unknown,
40837_0038,src\pill_ai\Pill_ai_pc3\data\sample_img\40837\IMG_20201201_194035.png,40837,unknown,
40837_0039,src\pill_ai\Pill_ai_pc3\data\sample_img\40837\IMG_20201201_194037.png,40837,unknown,
40837_0040,src\pill_ai\Pill_ai_pc3\data\sample_img\40837\IMG_20201201_194038.png,40837,unknown,
40949_0001,src\pill_ai\Pill_ai_pc3\data\sample_img\40949\IMG_20201117_205444.png,40949,unknown,
40949_0002,src\pill_ai\Pill_ai_pc3\data\sample_img\40949\IMG_20201117_205446.png,40949,unknown,
40949_0003,src\pill_ai\Pill_ai_pc3\data\sample_img\40949\IMG_20201117_205447.png,40949,unknown,
40949_0004,src\pill_ai\Pill_ai_pc3\data\sample_img\40949\IMG_20201117_205448.png,40949,unknown,
40949_0005,src\pill_ai\Pill_ai_pc3\data\sample_img\40949\IMG_20201117_205450.png,40949,unknown,
40949_0006,src\pill_ai\Pill_ai_pc3\data\sample_img\40949\IMG_20201117_205451.png,40949,unknown,
40949_0007,src\pill_ai\Pill_ai_pc3\data\sample_img\40949\IMG_20201117_205452.png,40949,unknown,
40949_0008,src\pill_ai\Pill_ai_pc3\data\sample_img\40949\IMG_20201117_205454.png,40949,unknown,
40949_0009,src\pill_ai\Pill_ai_pc3\data\sample_img\40949\IMG_20201117_205455.png,40949,unknown,
40949_0010,src\pill_ai\Pill_ai_pc3\data\sample_img\40949\IMG_20201117_205456.png,40949,unknown,
40949_0011,src\pill_ai\Pill_ai_pc3\data\sample_img\40949\IMG_20201117_205457.png,40949,unknown,
40949_0012,src\pill_ai\Pill_ai_pc3\data\sample_img\40949\IMG_20201117_205459.png,40949,unknown,
40949_0013,src\pill_ai\Pill_ai_pc3\data\sample_img\40949\IMG_20201117_205500.png,40949,unknown,
40949_0014,src\pill_ai\Pill_ai_pc3\data\sample_img\40949\IMG_20201117_205501.png,40949,unknown,
40949_0015,src\pill_ai\Pill_ai_pc3\data\sample_img\40949\IMG_20201117_205503.png,40949,unknown,
40949_0016,src\pill_ai\Pill_ai_pc3\data\sample_img\40949\IMG_20201117_205504.png,40949,unknown,
40949_0017,src\pill_ai\Pill_ai_pc3\data\sample_img\40949\IMG_20201117_205505.png,40949,unknown,
40949_0018,src\pill_ai\Pill_ai_pc3\data\sample_img\40949\IMG_20201117_205507.png,40949,unknown,
40949_0019,src\pill_ai\Pill_ai_pc3\data\sample_img\40949\IMG_20201117_205508.png,40949,unknown,
40949_0020,src\pill_ai\Pill_ai_pc3\data\sample_img\40949\IMG_20201117_205509.png,40949,unknown,
40949_0021,src\pill_ai\Pill_ai_pc3\data\sample_img\40949\IMG_20201117_205515.png,40949,unknown,
40949_0022,src\pill_ai\Pill_ai_pc3\data\sample_img\40949\IMG_20201117_205516.png,40949,unknown,
40949_0023,src\pill_ai\Pill_ai_pc3\data\sample_img\40949\IMG_20201117_205517.png,40949,unknown,
40949_0024,src\pill_ai\Pill_ai_pc3\data\sample_img\40949\IMG_20201117_205518.png,40949,unknown,
40949_0025,src\pill_ai\Pill_ai_pc3\data\sample_img\40949\IMG_20201117_205520.png,40949,unknown,
40949_0026,src\pill_ai\Pill_ai_pc3\data\sample_img\40949\IMG_20201117_205521.png,40949,unknown,
40949_0027,src\pill_ai\Pill_ai_pc3\data\sample_img\40949\IMG_20201117_205522.png,40949,unknown,
40949_0028,src\pill_ai\Pill_ai_pc3\data\sample_img\40949\IMG_20201117_205524.png,40949,unknown,
40949_0029,src\pill_ai\Pill_ai_pc3\data\sample_img\40949\IMG_20201117_205525.png,40949,unknown,
40949_0030,src\pill_ai\Pill_ai_pc3\data\sample_img\40949\IMG_20201117_205526.png,40949,unknown,
40949_0031,src\pill_ai\Pill_ai_pc3\data\sample_img\40949\IMG_20201117_205528.png,40949,unknown,
40949_0032,src\pill_ai\Pill_ai_pc3\data\sample_img\40949\IMG_20201117_205529.png,40949,unknown,
40949_0033,src\pill_ai\Pill_ai_pc3\data\sample_img\40949\IMG_20201117_205530.png,40949,unknown,
40949_0034,src\pill_ai\Pill_ai_pc3\data\sample_img\40949\IMG_20201117_205531.png,40949,unknown,
40949_0035,src\pill_ai\Pill_ai_pc3\data\sample_img\40949\IMG_20201117_205533.png,40949,unknown,
40949_0036,src\pill_ai\Pill_ai_pc3\data\sample_img\40949\IMG_20201117_205534.png,40949,unknown,
40949_0037,src\pill_ai\Pill_ai_pc3\data\sample_img\40949\IMG_20201117_205535.png,40949,unknown,
40949_0038,src\pill_ai\Pill_ai_pc3\data\sample_img\40949\IMG_20201117_205537.png,40949,unknown,
40949_0039,src\pill_ai\Pill_ai_pc3\data\sample_img\40949\IMG_20201117_205538.png,40949,unknown,
40949_0040,src\pill_ai\Pill_ai_pc3\data\sample_img\40949\IMG_20201117_205539.png,40949,unknown,
40953_0001,src\pill_ai\Pill_ai_pc3\data\sample_img\40953\IMG_20201117_224446.png,40953,unknown,
40953_0002,src\pill_ai\Pill_ai_pc3\data\sample_img\40953\IMG_20201117_224447.png,40953,unknown,
40953_0003,src\pill_ai\Pill_ai_pc3\data\sample_img\40953\IMG_20201117_224449.png,40953,unknown,
40953_0004,src\pill_ai\Pill_ai_pc3\data\sample_img\40953\IMG_20201117_224450.png,40953,unknown,
40953_0005,src\pill_ai\Pill_ai_pc3\data\sample_img\40953\IMG_20201117_224452.png,40953,unknown,
40953_0006,src\pill_ai\Pill_ai_pc3\data\sample_img\40953\IMG_20201117_224453.png,40953,unknown,
40953_0007,src\pill_ai\Pill_ai_pc3\data\sample_img\40953\IMG_20201117_224454.png,40953,unknown,
40953_0008,src\pill_ai\Pill_ai_pc3\data\sample_img\40953\IMG_20201117_224456.png,40953,unknown,
40953_0009,src\pill_ai\Pill_ai_pc3\data\sample_img\40953\IMG_20201117_224457.png,40953,unknown,
40953_0010,src\pill_ai\Pill_ai_pc3\data\sample_img\40953\IMG_20201117_224459.png,40953,unknown,
40953_0011,src\pill_ai\Pill_ai_pc3\data\sample_img\40953\IMG_20201117_224500.png,40953,unknown,
40953_0012,src\pill_ai\Pill_ai_pc3\data\sample_img\40953\IMG_20201117_224502.png,40953,unknown,
40953_0013,src\pill_ai\Pill_ai_pc3\data\sample_img\40953\IMG_20201117_224503.png,40953,unknown,
40953_0014,src\pill_ai\Pill_ai_pc3\data\sample_img\40953\IMG_20201117_224505.png,40953,unknown,
40953_0015,src\pill_ai\Pill_ai_pc3\data\sample_img\40953\IMG_20201117_224506.png,40953,unknown,
40953_0016,src\pill_ai\Pill_ai_pc3\data\sample_img\40953\IMG_20201117_224508.png,40953,unknown,
40953_0017,src\pill_ai\Pill_ai_pc3\data\sample_img\40953\IMG_20201117_224509.png,40953,unknown,
40953_0018,src\pill_ai\Pill_ai_pc3\data\sample_img\40953\IMG_20201117_224511.png,40953,unknown,
40953_0019,src\pill_ai\Pill_ai_pc3\data\sample_img\40953\IMG_20201117_224512.png,40953,unknown,
40953_0020,src\pill_ai\Pill_ai_pc3\data\sample_img\40953\IMG_20201117_224514.png,40953,unknown,
40953_0021,src\pill_ai\Pill_ai_pc3\data\sample_img\40953\IMG_20201117_224531.png,40953,unknown,
40953_0022,src\pill_ai\Pill_ai_pc3\data\sample_img\40953\IMG_20201117_224533.png,40953,unknown,
40953_0023,src\pill_ai\Pill_ai_pc3\data\sample_img\40953\IMG_20201117_224534.png,40953,unknown,
40953_0024,src\pill_ai\Pill_ai_pc3\data\sample_img\40953\IMG_20201117_224536.png,40953,unknown,
40953_0025,src\pill_ai\Pill_ai_pc3\data\sample_img\40953\IMG_20201117_224537.png,40953,unknown,
40953_0026,src\pill_ai\Pill_ai_pc3\data\sample_img\40953\IMG_20201117_224539.png,40953,unknown,
40953_0027,src\pill_ai\Pill_ai_pc3\data\sample_img\40953\IMG_20201117_224540.png,40953,unknown,
40953_0028,src\pill_ai\Pill_ai_pc3\data\sample_img\40953\IMG_20201117_224542.png,40953,unknown,
40953_0029,src\pill_ai\Pill_ai_pc3\data\sample_img\40953\IMG_20201117_224543.png,40953,unknown,
40953_0030,src\pill_ai\Pill_ai_pc3\data\sample_img\40953\IMG_20201117_224545.png,40953,unknown,
40953_0031,src\pill_ai\Pill_ai_pc3\data\sample_img\40953\IMG_20201117_224546.png,40953,unknown,
40953_0032,src\pill_ai\Pill_ai_pc3\data\sample_img\40953\IMG_20201117_224548.png,40953,unknown,
40953_0033,src\pill_ai\Pill_ai_pc3\data\sample_img\40953\IMG_20201117_224549.png,40953,unknown,
40953_0034,src\pill_ai\Pill_ai_pc3\data\sample_img\40953\IMG_20201117_224551.png,40953,unknown,
40953_0035,src\pill_ai\Pill_ai_pc3\data\sample_img\40953\IMG_20201117_224552.png,40953,unknown,
40953_0036,src\pill_ai\Pill_ai_pc3\data\sample_img\40953\IMG_20201117_224554.png,40953,unknown,
40953_0037,src\pill_ai\Pill_ai_pc3\data\sample_img\40953\IMG_20201117_224555.png,40953,unknown,
40953_0038,src\pill_ai\Pill_ai_pc3\data\sample_img\40953\IMG_20201117_224557.png,40953,unknown,
40953_0039,src\pill_ai\Pill_ai_pc3\data\sample_img\40953\IMG_20201117_224558.png,40953,unknown,
40953_0040,src\pill_ai\Pill_ai_pc3\data\sample_img\40953\IMG_20201117_224600.png,40953,unknown,
40990_0001,src\pill_ai\Pill_ai_pc3\data\sample_img\40990\IMG_20201117_202957.png,40990,unknown,
40990_0002,src\pill_ai\Pill_ai_pc3\data\sample_img\40990\IMG_20201117_202958.png,40990,unknown,
40990_0003,src\pill_ai\Pill_ai_pc3\data\sample_img\40990\IMG_20201117_203000.png,40990,unknown,
40990_0004,src\pill_ai\Pill_ai_pc3\data\sample_img\40990\IMG_20201117_203001.png,40990,unknown,
40990_0005,src\pill_ai\Pill_ai_pc3\data\sample_img\40990\IMG_20201117_203002.png,40990,unknown,
40990_0006,src\pill_ai\Pill_ai_pc3\data\sample_img\40990\IMG_20201117_203004.png,40990,unknown,
40990_0007,src\pill_ai\Pill_ai_pc3\data\sample_img\40990\IMG_20201117_203005.png,40990,unknown,
40990_0008,src\pill_ai\Pill_ai_pc3\data\sample_img\40990\IMG_20201117_203006.png,40990,unknown,
40990_0009,src\pill_ai\Pill_ai_pc3\data\sample_img\40990\IMG_20201117_203008.png,40990,unknown,
40990_0010,src\pill_ai\Pill_ai_pc3\data\sample_img\40990\IMG_20201117_203009.png,40990,unknown,
40990_0011,src\pill_ai\Pill_ai_pc3\data\sample_img\40990\IMG_20201117_203010.png,40990,unknown,
40990_0012,src\pill_ai\Pill_ai_pc3\data\sample_img\40990\IMG_20201117_203012.png,40990,unknown,
40990_0013,src\pill_ai\Pill_ai_pc3\data\sample_img\40990\IMG_20201117_203013.png,40990,unknown,
40990_0014,src\pill_ai\Pill_ai_pc3\data\sample_img\40990\IMG_20201117_203014.png,40990,unknown,
40990_0015,src\pill_ai\Pill_ai_pc3\data\sample_img\40990\IMG_20201117_203015.png,40990,unknown,
40990_0016,src\pill_ai\Pill_ai_pc3\data\sample_img\40990\IMG_20201117_203017.png,40990,unknown,
40990_0017,src\pill_ai\Pill_ai_pc3\data\sample_img\40990\IMG_20201117_203018.png,40990,unknown,
40990_0018,src\pill_ai\Pill_ai_pc3\data\sample_img\40990\IMG_20201117_203019.png,40990,unknown,
40990_0019,src\pill_ai\Pill_ai_pc3\data\sample_img\40990\IMG_20201117_203021.png,40990,unknown,
40990_0020,src\pill_ai\Pill_ai_pc3\data\sample_img\40990\IMG_20201117_203022.png,40990,unknown,
40990_0021,src\pill_ai\Pill_ai_pc3\data\sample_img\40990\IMG_20201117_203027.png,40990,unknown,
40990_0022,src\pill_ai\Pill_ai_pc3\data\sample_img\40990\IMG_20201117_203028.png,40990,unknown,
40990_0023,src\pill_ai\Pill_ai_pc3\data\sample_img\40990\IMG_20201117_203029.png,40990,unknown,
40990_0024,src\pill_ai\Pill_ai_pc3\data\sample_img\40990\IMG_20201117_203031.png,40990,unknown,
40990_0025,src\pill_ai\Pill_ai_pc3\data\sample_img\40990\IMG_20201117_203032.png,40990,unknown,
40990_0026,src\pill_ai\Pill_ai_pc3\data\sample_img\40990\IMG_20201117_203033.png,40990,unknown,
40990_0027,src\pill_ai\Pill_ai_pc3\data\sample_img\40990\IMG_20201117_203034.png,40990,unknown,
40990_0028,src\pill_ai\Pill_ai_pc3\data\sample_img\40990\IMG_20201117_203036.png,40990,unknown,
40990_0029,src\pill_ai\Pill_ai_pc3\data\sample_img\40990\IMG_20201117_203037.png,40990,unknown,
40990_0030,src\pill_ai\Pill_ai_pc3\data\sample_img\40990\IMG_20201117_203038.png,40990,unknown,
40990_0031,src\pill_ai\Pill_ai_pc3\data\sample_img\40990\IMG_20201117_203040.png,40990,unknown,
40990_0032,src\pill_ai\Pill_ai_pc3\data\sample_img\40990\IMG_20201117_203041.png,40990,unknown,
40990_0033,src\pill_ai\Pill_ai_pc3\data\sample_img\40990\IMG_20201117_203042.png,40990,unknown,
40990_0034,src\pill_ai\Pill_ai_pc3\data\sample_img\40990\IMG_20201117_203044.png,40990,unknown,
40990_0035,src\pill_ai\Pill_ai_pc3\data\sample_img\40990\IMG_20201117_203045.png,40990,unknown,
40990_0036,src\pill_ai\Pill_ai_pc3\data\sample_img\40990\IMG_20201117_203046.png,40990,unknown,
40990_0037,src\pill_ai\Pill_ai_pc3\data\sample_img\40990\IMG_20201117_203047.png,40990,unknown,
40990_0038,src\pill_ai\Pill_ai_pc3\data\sample_img\40990\IMG_20201117_203049.png,40990,unknown,
40990_0039,src\pill_ai\Pill_ai_pc3\data\sample_img\40990\IMG_20201117_203050.png,40990,unknown,
40990_0040,src\pill_ai\Pill_ai_pc3\data\sample_img\40990\IMG_20201117_203051.png,40990,unknown,
40991_0001,src\pill_ai\Pill_ai_pc3\data\sample_img\40991\IMG_20201117_202846.png,40991,unknown,
40991_0002,src\pill_ai\Pill_ai_pc3\data\sample_img\40991\IMG_20201117_202848.png,40991,unknown,
40991_0003,src\pill_ai\Pill_ai_pc3\data\sample_img\40991\IMG_20201117_202849.png,40991,unknown,
40991_0004,src\pill_ai\Pill_ai_pc3\data\sample_img\40991\IMG_20201117_202850.png,40991,unknown,
40991_0005,src\pill_ai\Pill_ai_pc3\data\sample_img\40991\IMG_20201117_202852.png,40991,unknown,
40991_0006,src\pill_ai\Pill_ai_pc3\data\sample_img\40991\IMG_20201117_202853.png,40991,unknown,
40991_0007,src\pill_ai\Pill_ai_pc3\data\sample_img\40991\IMG_20201117_202854.png,40991,unknown,
40991_0008,src\pill_ai\Pill_ai_pc3\data\sample_img\40991\IMG_20201117_202855.png,40991,unknown,
40991_0009,src\pill_ai\Pill_ai_pc3\data\sample_img\40991\IMG_20201117_202857.png,40991,unknown,
40991_0010,src\pill_ai\Pill_ai_pc3\data\sample_img\40991\IMG_20201117_202858.png,40991,unknown,
40991_0011,src\pill_ai\Pill_ai_pc3\data\sample_img\40991\IMG_20201117_202859.png,40991,unknown,
40991_0012,src\pill_ai\Pill_ai_pc3\data\sample_img\40991\IMG_20201117_202901.png,40991,unknown,
40991_0013,src\pill_ai\Pill_ai_pc3\data\sample_img\40991\IMG_20201117_202902.png,40991,unknown,
40991_0014,src\pill_ai\Pill_ai_pc3\data\sample_img\40991\IMG_20201117_202903.png,40991,unknown,
40991_0015,src\pill_ai\Pill_ai_pc3\data\sample_img\40991\IMG_20201117_202905.png,40991,unknown,
40991_0016,src\pill_ai\Pill_ai_pc3\data\sample_img\40991\IMG_20201117_202906.png,40991,unknown,
40991_0017,src\pill_ai\Pill_ai_pc3\data\sample_img\40991\IMG_20201117_202907.png,40991,unknown,
40991_0018,src\pill_ai\Pill_ai_pc3\data\sample_img\40991\IMG_20201117_202909.png,40991,unknown,
40991_0019,src\pill_ai\Pill_ai_pc3\data\sample_img\40991\IMG_20201117_202910.png,40991,unknown,
40991_0020,src\pill_ai\Pill_ai_pc3\data\sample_img\40991\IMG_20201117_202911.png,40991,unknown,
40991_0021,src\pill_ai\Pill_ai_pc3\data\sample_img\40991\IMG_20201117_202919.png,40991,unknown,
40991_0022,src\pill_ai\Pill_ai_pc3\data\sample_img\40991\IMG_20201117_202921.png,40991,unknown,
40991_0023,src\pill_ai\Pill_ai_pc3\data\sample_img\40991\IMG_20201117_202922.png,40991,unknown,
40991_0024,src\pill_ai\Pill_ai_pc3\data\sample_img\40991\IMG_20201117_202923.png,40991,unknown,
40991_0025,src\pill_ai\Pill_ai_pc3\data\sample_img\40991\IMG_20201117_202924.png,40991,unknown,
40991_0026,src\pill_ai\Pill_ai_pc3\data\sample_img\40991\IMG_20201117_202926.png,40991,unknown,
40991_0027,src\pill_ai\Pill_ai_pc3\data\sample_img\40991\IMG_20201117_202927.png,40991,unknown,
40991_0028,src\pill_ai\Pill_ai_pc3\data\sample_img\40991\IMG_20201117_202928.png,40991,unknown,
40991_0029,src\pill_ai\Pill_ai_pc3\data\sample_img\40991\IMG_20201117_202930.png,40991,unknown,
40991_0030,src\pill_ai\Pill_ai_pc3\data\sample_img\40991\IMG_20201117_202931.png,40991,unknown,
40991_0031,src\pill_ai\Pill_ai_pc3\data\sample_img\40991\IMG_20201117_202932.png,40991,unknown,
40991_0032,src\pill_ai\Pill_ai_pc3\data\sample_img\40991\IMG_20201117_202934.png,40991,unknown,
40991_0033,src\pill_ai\Pill_ai_pc3\data\sample_img\40991\IMG_20201117_202935.png,40991,unknown,
40991_0034,src\pill_ai\Pill_ai_pc3\data\sample_img\40991\IMG_20201117_202936.png,40991,unknown,
40991_0035,src\pill_ai\Pill_ai_pc3\data\sample_img\40991\IMG_20201117_202938.png,40991,unknown,
40991_0036,src\pill_ai\Pill_ai_pc3\data\sample_img\40991\IMG_20201117_202939.png,40991,unknown,
40991_0037,src\pill_ai\Pill_ai_pc3\data\sample_img\40991\IMG_20201117_202940.png,40991,unknown,
40991_0038,src\pill_ai\Pill_ai_pc3\data\sample_img\40991\IMG_20201117_202941.png,40991,unknown,
40991_0039,src\pill_ai\Pill_ai_pc3\data\sample_img\40991\IMG_20201117_202943.png,40991,unknown,
40991_0040,src\pill_ai\Pill_ai_pc3\data\sample_img\40991\IMG_20201117_202944.png,40991,unknown,
41097_0001,src\pill_ai\Pill_ai_pc3\data\sample_img\41097\IMG_20201117_211438.png,41097,unknown,
41097_0002,src\pill_ai\Pill_ai_pc3\data\sample_img\41097\IMG_20201117_211439.png,41097,unknown,
41097_0003,src\pill_ai\Pill_ai_pc3\data\sample_img\41097\IMG_20201117_211440.png,41097,unknown,
41097_0004,src\pill_ai\Pill_ai_pc3\data\sample_img\41097\IMG_20201117_211442.png,41097,unknown,
41097_0005,src\pill_ai\Pill_ai_pc3\data\sample_img\41097\IMG_20201117_211443.png,41097,unknown,
41097_0006,src\pill_ai\Pill_ai_pc3\data\sample_img\41097\IMG_20201117_211444.png,41097,unknown,
41097_0007,src\pill_ai\Pill_ai_pc3\data\sample_img\41097\IMG_20201117_211445.png,41097,unknown,
41097_0008,src\pill_ai\Pill_ai_pc3\data\sample_img\41097\IMG_20201117_211447.png,41097,unknown,
41097_0009,src\pill_ai\Pill_ai_pc3\data\sample_img\41097\IMG_20201117_211448.png,41097,unknown,
41097_0010,src\pill_ai\Pill_ai_pc3\data\sample_img\41097\IMG_20201117_211449.png,41097,unknown,
41097_0011,src\pill_ai\Pill_ai_pc3\data\sample_img\41097\IMG_20201117_211451.png,41097,unknown,
41097_0012,src\pill_ai\Pill_ai_pc3\data\sample_img\41097\IMG_20201117_211452.png,41097,unknown,
41097_0013,src\pill_ai\Pill_ai_pc3\data\sample_img\41097\IMG_20201117_211453.png,41097,unknown,
41097_0014,src\pill_ai\Pill_ai_pc3\data\sample_img\41097\IMG_20201117_211455.png,41097,unknown,
41097_0015,src\pill_ai\Pill_ai_pc3\data\sample_img\41097\IMG_20201117_211456.png,41097,unknown,
41097_0016,src\pill_ai\Pill_ai_pc3\data\sample_img\41097\IMG_20201117_211457.png,41097,unknown,
41097_0017,src\pill_ai\Pill_ai_pc3\data\sample_img\41097\IMG_20201117_211459.png,41097,unknown,
41097_0018,src\pill_ai\Pill_ai_pc3\data\sample_img\41097\IMG_20201117_211500.png,41097,unknown,
41097_0019,src\pill_ai\Pill_ai_pc3\data\sample_img\41097\IMG_20201117_211501.png,41097,unknown,
41097_0020,src\pill_ai\Pill_ai_pc3\data\sample_img\41097\IMG_20201117_211502.png,41097,unknown,
41097_0021,src\pill_ai\Pill_ai_pc3\data\sample_img\41097\IMG_20201117_211509.png,41097,unknown,
41097_0022,src\pill_ai\Pill_ai_pc3\data\sample_img\41097\IMG_20201117_211510.png,41097,unknown,
41097_0023,src\pill_ai\Pill_ai_pc3\data\sample_img\41097\IMG_20201117_211512.png,41097,unknown,
41097_0024,src\pill_ai\Pill_ai_pc3\data\sample_img\41097\IMG_20201117_211513.png,41097,unknown,
41097_0025,src\pill_ai\Pill_ai_pc3\data\sample_img\41097\IMG_20201117_211514.png,41097,unknown,
41097_0026,src\pill_ai\Pill_ai_pc3\data\sample_img\41097\IMG_20201117_211515.png,41097,unknown,
41097_0027,src\pill_ai\Pill_ai_pc3\data\sample_img\41097\IMG_20201117_211517.png,41097,unknown,
41097_0028,src\pill_ai\Pill_ai_pc3\data\sample_img\41097\IMG_20201117_211518.png,41097,unknown,
41097_0029,src\pill_ai\Pill_ai_pc3\data\sample_img\41097\IMG_20201117_211519.png,41097,unknown,
41097_0030,src\pill_ai\Pill_ai_pc3\data\sample_img\41097\IMG_20201117_211521.png,41097,unknown,
41097_0031,src\pill_ai\Pill_ai_pc3\data\sample_img\41097\IMG_20201117_211522.png,41097,unknown,
41097_0032,src\pill_ai\Pill_ai_pc3\data\sample_img\41097\IMG_20201117_211523.png,41097,unknown,
41097_0033,src\pill_ai\Pill_ai_pc3\data\sample_img\41097\IMG_20201117_211525.png,41097,unknown,
41097_0034,src\pill_ai\Pill_ai_pc3\data\sample_img\41097\IMG_20201117_211526.png,41097,unknown,
41097_0035,src\pill_ai\Pill_ai_pc3\data\sample_img\41097\IMG_20201117_211527.png,41097,unknown,
41097_0036,src\pill_ai\Pill_ai_pc3\data\sample_img\41097\IMG_20201117_211528.png,41097,unknown,
41097_0037,src\pill_ai\Pill_ai_pc3\data\sample_img\41097\IMG_20201117_211530.png,41097,unknown,
41097_0038,src\pill_ai\Pill_ai_pc3\data\sample_img\41097\IMG_20201117_211531.png,41097,unknown,
41097_0039,src\pill_ai\Pill_ai_pc3\data\sample_img\41097\IMG_20201117_211532.png,41097,unknown,
41097_0040,src\pill_ai\Pill_ai_pc3\data\sample_img\41097\IMG_20201117_211534.png,41097,unknown,
41107_0001,src\pill_ai\Pill_ai_pc3\data\sample_img\41107\IMG_20201117_204859.png,41107,unknown,
41107_0002,src\pill_ai\Pill_ai_pc3\data\sample_img\41107\IMG_20201117_204901.png,41107,unknown,
41107_0003,src\pill_ai\Pill_ai_pc3\data\sample_img\41107\IMG_20201117_204902.png,41107,unknown,
41107_0004,src\pill_ai\Pill_ai_pc3\data\sample_img\41107\IMG_20201117_204903.png,41107,unknown,
41107_0005,src\pill_ai\Pill_ai_pc3\data\sample_img\41107\IMG_20201117_204905.png,41107,unknown,
41107_0006,src\pill_ai\Pill_ai_pc3\data\sample_img\41107\IMG_20201117_204906.png,41107,unknown,
41107_0007,src\pill_ai\Pill_ai_pc3\data\sample_img\41107\IMG_20201117_204908.png,41107,unknown,
41107_0008,src\pill_ai\Pill_ai_pc3\data\sample_img\41107\IMG_20201117_204909.png,41107,unknown,
41107_0009,src\pill_ai\Pill_ai_pc3\data\sample_img\41107\IMG_20201117_204911.png,41107,unknown,
41107_0010,src\pill_ai\Pill_ai_pc3\data\sample_img\41107\IMG_20201117_204912.png,41107,unknown,
41107_0011,src\pill_ai\Pill_ai_pc3\data\sample_img\41107\IMG_20201117_204914.png,41107,unknown,
41107_0012,src\pill_ai\Pill_ai_pc3\data\sample_img\41107\IMG_20201117_204915.png,41107,unknown,
41107_0013,src\pill_ai\Pill_ai_pc3\data\sample_img\41107\IMG_20201117_204917.png,41107,unknown,
41107_0014,src\pill_ai\Pill_ai_pc3\data\sample_img\41107\IMG_20201117_204918.png,41107,unknown,
41107_0015,src\pill_ai\Pill_ai_pc3\data\sample_img\41107\IMG_20201117_204920.png,41107,unknown,
41107_0016,src\pill_ai\Pill_ai_pc3\data\sample_img\41107\IMG_20201117_204921.png,41107,unknown,
41107_0017,src\pill_ai\Pill_ai_pc3\data\sample_img\41107\IMG_20201117_204923.png,41107,unknown,
41107_0018,src\pill_ai\Pill_ai_pc3\data\sample_img\41107\IMG_20201117_204924.png,41107,unknown,
41107_0019,src\pill_ai\Pill_ai_pc3\data\sample_img\41107\IMG_20201117_204926.png,41107,unknown,
41107_0020,src\pill_ai\Pill_ai_pc3\data\sample_img\41107\IMG_20201117_204927.png,41107,unknown,
41107_0021,src\pill_ai\Pill_ai_pc3\data\sample_img\41107\IMG_20201117_204938.png,41107,unknown,
41107_0022,src\pill_ai\Pill_ai_pc3\data\sample_img\41107\IMG_20201117_204940.png,41107,unknown,
41107_0023,src\pill_ai\Pill_ai_pc3\data\sample_img\41107\IMG_20201117_204941.png,41107,unknown,
41107_0024,src\pill_ai\Pill_ai_pc3\data\sample_img\41107\IMG_20201117_204943.png,41107,unknown,
41107_0025,src\pill_ai\Pill_ai_pc3\data\sample_img\41107\IMG_20201117_204944.png,41107,unknown,
41107_0026,src\pill_ai\Pill_ai_pc3\data\sample_img\41107\IMG_20201117_204946.png,41107,unknown,
41107_0027,src\pill_ai\Pill_ai_pc3\data\sample_img\41107\IMG_20201117_204947.png,41107,unknown,
41107_0028,src\pill_ai\Pill_ai_pc3\data\sample_img\41107\IMG_20201117_204949.png,41107,unknown,
41107_0029,src\pill_ai\Pill_ai_pc3\data\sample_img\41107\IMG_20201117_204950.png,41107,unknown,
41107_0030,src\pill_ai\Pill_ai_pc3\data\sample_img\41107\IMG_20201117_204952.png,41107,unknown,
41107_0031,src\pill_ai\Pill_ai_pc3\data\sample_img\41107\IMG_20201117_204953.png,41107,unknown,
41107_0032,src\pill_ai\Pill_ai_pc3\data\sample_img\41107\IMG_20201117_204955.png,41107,unknown,
41107_0033,src\pill_ai\Pill_ai_pc3\data\sample_img\41107\IMG_20201117_204956.png,41107,unknown,
41107_0034,src\pill_ai\Pill_ai_pc3\data\sample_img\41107\IMG_20201117_204958.png,41107,unknown,
41107_0035,src\pill_ai\Pill_ai_pc3\data\sample_img\41107\IMG_20201117_204959.png,41107,unknown,
41107_0036,src\pill_ai\Pill_ai_pc3\data\sample_img\41107\IMG_20201117_205001.png,41107,unknown,
41107_0037,src\pill_ai\Pill_ai_pc3\data\sample_img\41107\IMG_20201117_205002.png,41107,unknown,
41107_0038,src\pill_ai\Pill_ai_pc3\data\sample_img\41107\IMG_20201117_205004.png,41107,unknown,
41107_0039,src\pill_ai\Pill_ai_pc3\data\sample_img\41107\IMG_20201117_205005.png,41107,unknown,
41107_0040,src\pill_ai\Pill_ai_pc3\data\sample_img\41107\IMG_20201117_205007.png,41107,unknown,
41169_0001,src\pill_ai\Pill_ai_pc3\data\sample_img\41169\IMG_20201117_220108.png,41169,unknown,
41169_0002,src\pill_ai\Pill_ai_pc3\data\sample_img\41169\IMG_20201117_220110.png,41169,unknown,
41169_0003,src\pill_ai\Pill_ai_pc3\data\sample_img\41169\IMG_20201117_220111.png,41169,unknown,
41169_0004,src\pill_ai\Pill_ai_pc3\data\sample_img\41169\IMG_20201117_220112.png,41169,unknown,
41169_0005,src\pill_ai\Pill_ai_pc3\data\sample_img\41169\IMG_20201117_220114.png,41169,unknown,
41169_0006,src\pill_ai\Pill_ai_pc3\data\sample_img\41169\IMG_20201117_220115.png,41169,unknown,
41169_0007,src\pill_ai\Pill_ai_pc3\data\sample_img\41169\IMG_20201117_220116.png,41169,unknown,
41169_0008,src\pill_ai\Pill_ai_pc3\data\sample_img\41169\IMG_20201117_220118.png,41169,unknown,
41169_0009,src\pill_ai\Pill_ai_pc3\data\sample_img\41169\IMG_20201117_220119.png,41169,unknown,
41169_0010,src\pill_ai\Pill_ai_pc3\data\sample_img\41169\IMG_20201117_220120.png,41169,unknown,
41169_0011,src\pill_ai\Pill_ai_pc3\data\sample_img\41169\IMG_20201117_220121.png,41169,unknown,
41169_0012,src\pill_ai\Pill_ai_pc3\data\sample_img\41169\IMG_20201117_220123.png,41169,unknown,
41169_0013,src\pill_ai\Pill_ai_pc3\data\sample_img\41169\IMG_20201117_220124.png,41169,unknown,
41169_0014,src\pill_ai\Pill_ai_pc3\data\sample_img\41169\IMG_20201117_220125.png,41169,unknown,
41169_0015,src\pill_ai\Pill_ai_pc3\data\sample_img\41169\IMG_20201117_220127.png,41169,unknown,
41169_0016,src\pill_ai\Pill_ai_pc3\data\sample_img\41169\IMG_20201117_220128.png,41169,unknown,
41169_0017,src\pill_ai\Pill_ai_pc3\data\sample_img\41169\IMG_20201117_220129.png,41169,unknown,
41169_0018,src\pill_ai\Pill_ai_pc3\data\sample_img\41169\IMG_20201117_220131.png,41169,unknown,
41169_0019,src\pill_ai\Pill_ai_pc3\data\sample_img\41169\IMG_20201117_220132.png,41169,unknown,
41169_0020,src\pill_ai\Pill_ai_pc3\data\sample_img\41169\IMG_20201117_220133.png,41169,unknown,
41169_0021,src\pill_ai\Pill_ai_pc3\data\sample_img\41169\IMG_20201117_220141.png,41169,unknown,
41169_0022,src\pill_ai\Pill_ai_pc3\data\sample_img\41169\IMG_20201117_220142.png,41169,unknown,
41169_0023,src\pill_ai\Pill_ai_pc3\data\sample_img\41169\IMG_20201117_220143.png,41169,unknown,
41169_0024,src\pill_ai\Pill_ai_pc3\data\sample_img\41169\IMG_20201117_220145.png,41169,unknown,
41169_0025,src\pill_ai\Pill_ai_pc3\data\sample_img\41169\IMG_20201117_220146.png,41169,unknown,
41169_0026,src\pill_ai\Pill_ai_pc3\data\sample_img\41169\IMG_20201117_220147.png,41169,unknown,
41169_0027,src\pill_ai\Pill_ai_pc3\data\sample_img\41169\IMG_20201117_220149.png,41169,unknown,
41169_0028,src\pill_ai\Pill_ai_pc3\data\sample_img\41169\IMG_20201117_220150.png,41169,unknown,
41169_0029,src\pill_ai\Pill_ai_pc3\data\sample_img\41169\IMG_20201117_220151.png,41169,unknown,
41169_0030,src\pill_ai\Pill_ai_pc3\data\sample_img\41169\IMG_20201117_220153.png,41169,unknown,
41169_0031,src\pill_ai\Pill_ai_pc3\data\sample_img\41169\IMG_20201117_220154.png,41169,unknown,
41169_0032,src\pill_ai\Pill_ai_pc3\data\sample_img\41169\IMG_20201117_220155.png,41169,unknown,
41169_0033,src\pill_ai\Pill_ai_pc3\data\sample_img\41169\IMG_20201117_220156.png,41169,unknown,
41169_0034,src\pill_ai\Pill_ai_pc3\data\sample_img\41169\IMG_20201117_220158.png,41169,unknown,
41169_0035,src\pill_ai\Pill_ai_pc3\data\sample_img\41169\IMG_20201117_220159.png,41169,unknown,
41169_0036,src\pill_ai\Pill_ai_pc3\data\sample_img\41169\IMG_20201117_220200.png,41169,unknown,
41169_0037,src\pill_ai\Pill_ai_pc3\data\sample_img\41169\IMG_20201117_220202.png,41169,unknown,
41169_0038,src\pill_ai\Pill_ai_pc3\data\sample_img\41169\IMG_20201117_220203.png,41169,unknown,
41169_0039,src\pill_ai\Pill_ai_pc3\data\sample_img\41169\IMG_20201117_220204.png,41169,unknown,
41169_0040,src\pill_ai\Pill_ai_pc3\data\sample_img\41169\IMG_20201117_220206.png,41169,unknown,
41170_0001,src\pill_ai\Pill_ai_pc3\data\sample_img\41170\IMG_20201117_220653.png,41170,unknown,
41170_0002,src\pill_ai\Pill_ai_pc3\data\sample_img\41170\IMG_20201117_220654.png,41170,unknown,
41170_0003,src\pill_ai\Pill_ai_pc3\data\sample_img\41170\IMG_20201117_220656.png,41170,unknown,
41170_0004,src\pill_ai\Pill_ai_pc3\data\sample_img\41170\IMG_20201117_220657.png,41170,unknown,
41170_0005,src\pill_ai\Pill_ai_pc3\data\sample_img\41170\IMG_20201117_220658.png,41170,unknown,
41170_0006,src\pill_ai\Pill_ai_pc3\data\sample_img\41170\IMG_20201117_220659.png,41170,unknown,
41170_0007,src\pill_ai\Pill_ai_pc3\data\sample_img\41170\IMG_20201117_220701.png,41170,unknown,
41170_0008,src\pill_ai\Pill_ai_pc3\data\sample_img\41170\IMG_20201117_220702.png,41170,unknown,
41170_0009,src\pill_ai\Pill_ai_pc3\data\sample_img\41170\IMG_20201117_220703.png,41170,unknown,
41170_0010,src\pill_ai\Pill_ai_pc3\data\sample_img\41170\IMG_20201117_220705.png,41170,unknown,
41170_0011,src\pill_ai\Pill_ai_pc3\data\sample_img\41170\IMG_20201117_220706.png,41170,unknown,
41170_0012,src\pill_ai\Pill_ai_pc3\data\sample_img\41170\IMG_20201117_220707.png,41170,unknown,
41170_0013,src\pill_ai\Pill_ai_pc3\data\sample_img\41170\IMG_20201117_220709.png,41170,unknown,
41170_0014,src\pill_ai\Pill_ai_pc3\data\sample_img\41170\IMG_20201117_220710.png,41170,unknown,
41170_0015,src\pill_ai\Pill_ai_pc3\data\sample_img\41170\IMG_20201117_220711.png,41170,unknown,
41170_0016,src\pill_ai\Pill_ai_pc3\data\sample_img\41170\IMG_20201117_220713.png,41170,unknown,
41170_0017,src\pill_ai\Pill_ai_pc3\data\sample_img\41170\IMG_20201117_220714.png,41170,unknown,
41170_0018,src\pill_ai\Pill_ai_pc3\data\sample_img\41170\IMG_20201117_220715.png,41170,unknown,
41170_0019,src\pill_ai\Pill_ai_pc3\data\sample_img\41170\IMG_20201117_220717.png,41170,unknown,
41170_0020,src\pill_ai\Pill_ai_pc3\data\sample_img\41170\IMG_20201117_220718.png,41170,unknown,
41170_0021,src\pill_ai\Pill_ai_pc3\data\sample_img\41170\IMG_20201117_220724.png,41170,unknown,
41170_0022,src\pill_ai\Pill_ai_pc3\data\sample_img\41170\IMG_20201117_220725.png,41170,unknown,
41170_0023,src\pill_ai\Pill_ai_pc3\data\sample_img\41170\IMG_20201117_220726.png,41170,unknown,
41170_0024,src\pill_ai\Pill_ai_pc3\data\sample_img\41170\IMG_20201117_220728.png,41170,unknown,
41170_0025,src\pill_ai\Pill_ai_pc3\data\sample_img\41170\IMG_20201117_220729.png,41170,unknown,
41170_0026,src\pill_ai\Pill_ai_pc3\data\sample_img\41170\IMG_20201117_220730.png,41170,unknown,
41170_0027,src\pill_ai\Pill_ai_pc3\data\sample_img\41170\IMG_20201117_220732.png,41170,unknown,
41170_0028,src\pill_ai\Pill_ai_pc3\data\sample_img\41170\IMG_20201117_220733.png,41170,unknown,
41170_0029,src\pill_ai\Pill_ai_pc3\data\sample_img\41170\IMG_20201117_220734.png,41170,unknown,
41170_0030,src\pill_ai\Pill_ai_pc3\data\sample_img\41170\IMG_20201117_220736.png,41170,unknown,
41170_0031,src\pill_ai\Pill_ai_pc3\data\sample_img\41170\IMG_20201117_220737.png,41170,unknown,
41170_0032,src\pill_ai\Pill_ai_pc3\data\sample_img\41170\IMG_20201117_220738.png,41170,unknown,
41170_0033,src\pill_ai\Pill_ai_pc3\data\sample_img\41170\IMG_20201117_220740.png,41170,unknown,
41170_0034,src\pill_ai\Pill_ai_pc3\data\sample_img\41170\IMG_20201117_220741.png,41170,unknown,
41170_0035,src\pill_ai\Pill_ai_pc3\data\sample_img\41170\IMG_20201117_220742.png,41170,unknown,
41170_0036,src\pill_ai\Pill_ai_pc3\data\sample_img\41170\IMG_20201117_220744.png,41170,unknown,
41170_0037,src\pill_ai\Pill_ai_pc3\data\sample_img\41170\IMG_20201117_220745.png,41170,unknown,
41170_0038,src\pill_ai\Pill_ai_pc3\data\sample_img\41170\IMG_20201117_220746.png,41170,unknown,
41170_0039,src\pill_ai\Pill_ai_pc3\data\sample_img\41170\IMG_20201117_220747.png,41170,unknown,
41170_0040,src\pill_ai\Pill_ai_pc3\data\sample_img\41170\IMG_20201117_220749.png,41170,unknown,
41172_0001,src\pill_ai\Pill_ai_pc3\data\sample_img\41172\IMG_20201117_222705.png,41172,unknown,
41172_0002,src\pill_ai\Pill_ai_pc3\data\sample_img\41172\IMG_20201117_222707.png,41172,unknown,
41172_0003,src\pill_ai\Pill_ai_pc3\data\sample_img\41172\IMG_20201117_222708.png,41172,unknown,
41172_0004,src\pill_ai\Pill_ai_pc3\data\sample_img\41172\IMG_20201117_222709.png,41172,unknown,
41172_0005,src\pill_ai\Pill_ai_pc3\data\sample_img\41172\IMG_20201117_222711.png,41172,unknown,
41172_0006,src\pill_ai\Pill_ai_pc3\data\sample_img\41172\IMG_20201117_222712.png,41172,unknown,
41172_0007,src\pill_ai\Pill_ai_pc3\data\sample_img\41172\IMG_20201117_222713.png,41172,unknown,
41172_0008,src\pill_ai\Pill_ai_pc3\data\sample_img\41172\IMG_20201117_222715.png,41172,unknown,
41172_0009,src\pill_ai\Pill_ai_pc3\data\sample_img\41172\IMG_20201117_222716.png,41172,unknown,
41172_0010,src\pill_ai\Pill_ai_pc3\data\sample_img\41172\IMG_20201117_222717.png,41172,unknown,
41172_0011,src\pill_ai\Pill_ai_pc3\data\sample_img\41172\IMG_20201117_222718.png,41172,unknown,
41172_0012,src\pill_ai\Pill_ai_pc3\data\sample_img\41172\IMG_20201117_222720.png,41172,unknown,
41172_0013,src\pill_ai\Pill_ai_pc3\data\sample_img\41172\IMG_20201117_222721.png,41172,unknown,
41172_0014,src\pill_ai\Pill_ai_pc3\data\sample_img\41172\IMG_20201117_222722.png,41172,unknown,
41172_0015,src\pill_ai\Pill_ai_pc3\data\sample_img\41172\IMG_20201117_222724.png,41172,unknown,
41172_0016,src\pill_ai\Pill_ai_pc3\data\sample_img\41172\IMG_20201117_222725.png,41172,unknown,
41172_0017,src\pill_ai\Pill_ai_pc3\data\sample_img\41172\IMG_20201117_222726.png,41172,unknown,
41172_0018,src\pill_ai\Pill_ai_pc3\data\sample_img\41172\IMG_20201117_222728.png,41172,unknown,
41172_0019,src\pill_ai\Pill_ai_pc3\data\sample_img\41172\IMG_20201117_222729.png,41172,unknown,
41172_0020,src\pill_ai\Pill_ai_pc3\data\sample_img\41172\IMG_20201117_222730.png,41172,unknown,
41172_0021,src\pill_ai\Pill_ai_pc3\data\sample_img\41172\IMG_20201117_222739.png,41172,unknown,
41172_0022,src\pill_ai\Pill_ai_pc3\data\sample_img\41172\IMG_20201117_222741.png,41172,unknown,
41172_0023,src\pill_ai\Pill_ai_pc3\data\sample_img\41172\IMG_20201117_222742.png,41172,unknown,
41172_0024,src\pill_ai\Pill_ai_pc3\data\sample_img\41172\IMG_20201117_222743.png,41172,unknown,
41172_0025,src\pill_ai\Pill_ai_pc3\data\sample_img\41172\IMG_20201117_222744.png,41172,unknown,
41172_0026,src\pill_ai\Pill_ai_pc3\data\sample_img\41172\IMG_20201117_222746.png,41172,unknown,
41172_0027,src\pill_ai\Pill_ai_pc3\data\sample_img\41172\IMG_20201117_222747.png,41172,unknown,
41172_0028,src\pill_ai\Pill_ai_pc3\data\sample_img\41172\IMG_20201117_222748.png,41172,unknown,
41172_0029,src\pill_ai\Pill_ai_pc3\data\sample_img\41172\IMG_20201117_222750.png,41172,unknown,
41172_0030,src\pill_ai\Pill_ai_pc3\data\sample_img\41172\IMG_20201117_222751.png,41172,unknown,
41172_0031,src\pill_ai\Pill_ai_pc3\data\sample_img\41172\IMG_20201117_222752.png,41172,unknown,
41172_0032,src\pill_ai\Pill_ai_pc3\data\sample_img\41172\IMG_20201117_222754.png,41172,unknown,
41172_0033,src\pill_ai\Pill_ai_pc3\data\sample_img\41172\IMG_20201117_222755.png,41172,unknown,
41172_0034,src\pill_ai\Pill_ai_pc3\data\sample_img\41172\IMG_20201117_222756.png,41172,unknown,
41172_0035,src\pill_ai\Pill_ai_pc3\data\sample_img\41172\IMG_20201117_222758.png,41172,unknown,
41172_0036,src\pill_ai\Pill_ai_pc3\data\sample_img\41172\IMG_20201117_222759.png,41172,unknown,
41172_0037,src\pill_ai\Pill_ai_pc3\data\sample_img\41172\IMG_20201117_222800.png,41172,unknown,
41172_0038,src\pill_ai\Pill_ai_pc3\data\sample_img\41172\IMG_20201117_222801.png,41172,unknown,
41172_0039,src\pill_ai\Pill_ai_pc3\data\sample_img\41172\IMG_20201117_222803.png,41172,unknown,
41172_0040,src\pill_ai\Pill_ai_pc3\data\sample_img\41172\IMG_20201117_222804.png,41172,unknown,
41207_0001,src\pill_ai\Pill_ai_pc3\data\sample_img\41207\IMG_20201118_231310.png,41207,unknown,
41207_0002,src\pill_ai\Pill_ai_pc3\data\sample_img\41207\IMG_20201118_231311.png,41207,unknown,
41207_0003,src\pill_ai\Pill_ai_pc3\data\sample_img\41207\IMG_20201118_231313.png,41207,unknown,
41207_0004,src\pill_ai\Pill_ai_pc3\data\sample_img\41207\IMG_20201118_231314.png,41207,unknown,
41207_0005,src\pill_ai\Pill_ai_pc3\data\sample_img\41207\IMG_20201118_231315.png,41207,unknown,
41207_0006,src\pill_ai\Pill_ai_pc3\data\sample_img\41207\IMG_20201118_231316.png,41207,unknown,
41207_0007,src\pill_ai\Pill_ai_pc3\data\sample_img\41207\IMG_20201118_231318.png,41207,unknown,
41207_0008,src\pill_ai\Pill_ai_pc3\data\sample_img\41207\IMG_20201118_231319.png,41207,unknown,
41207_0009,src\pill_ai\Pill_ai_pc3\data\sample_img\41207\IMG_20201118_231320.png,41207,unknown,
41207_0010,src\pill_ai\Pill_ai_pc3\data\sample_img\41207\IMG_20201118_231322.png,41207,unknown,
41207_0011,src\pill_ai\Pill_ai_pc3\data\sample_img\41207\IMG_20201118_231323.png,41207,unknown,
41207_0012,src\pill_ai\Pill_ai_pc3\data\sample_img\41207\IMG_20201118_231324.png,41207,unknown,
41207_0013,src\pill_ai\Pill_ai_pc3\data\sample_img\41207\IMG_20201118_231326.png,41207,unknown,
41207_0014,src\pill_ai\Pill_ai_pc3\data\sample_img\41207\IMG_20201118_231327.png,41207,unknown,
41207_0015,src\pill_ai\Pill_ai_pc3\data\sample_img\41207\IMG_20201118_231328.png,41207,unknown,
41207_0016,src\pill_ai\Pill_ai_pc3\data\sample_img\41207\IMG_20201118_231330.png,41207,unknown,
41207_0017,src\pill_ai\Pill_ai_pc3\data\sample_img\41207\IMG_20201118_231331.png,41207,unknown,
41207_0018,src\pill_ai\Pill_ai_pc3\data\sample_img\41207\IMG_20201118_231332.png,41207,unknown,
41207_0019,src\pill_ai\Pill_ai_pc3\data\sample_img\41207\IMG_20201118_231333.png,41207,unknown,
41207_0020,src\pill_ai\Pill_ai_pc3\data\sample_img\41207\IMG_20201118_231335.png,41207,unknown,
41207_0021,src\pill_ai\Pill_ai_pc3\data\sample_img\41207\IMG_20201118_231401.png,41207,unknown,
41207_0022,src\pill_ai\Pill_ai_pc3\data\sample_img\41207\IMG_20201118_231402.png,41207,unknown,
41207_0023,src\pill_ai\Pill_ai_pc3\data\sample_img\41207\IMG_20201118_231404.png,41207,unknown,
41207_0024,src\pill_ai\Pill_ai_pc3\data\sample_img\41207\IMG_20201118_231405.png,41207,unknown,
41207_0025,src\pill_ai\Pill_ai_pc3\data\sample_img\41207\IMG_20201118_231406.png,41207,unknown,
41207_0026,src\pill_ai\Pill_ai_pc3\data\sample_img\41207\IMG_20201118_231407.png,41207,unknown,
41207_0027,src\pill_ai\Pill_ai_pc3\data\sample_img\41207\IMG_20201118_231409.png,41207,unknown,
41207_0028,src\pill_ai\Pill_ai_pc3\data\sample_img\41207\IMG_20201118_231410.png,41207,unknown,
41207_0029,src\pill_ai\Pill_ai_pc3\data\sample_img\41207\IMG_20201118_231411.png,41207,unknown,
41207_0030,src\pill_ai\Pill_ai_pc3\data\sample_img\41207\IMG_20201118_231413.png,41207,unknown,
41207_0031,src\pill_ai\Pill_ai_pc3\data\sample_img\41207\IMG_20201118_231414.png,41207,unknown,
41207_0032,src\pill_ai\Pill_ai_pc3\data\sample_img\41207\IMG_20201118_231415.png,41207,unknown,
41207_0033,src\pill_ai\Pill_ai_pc3\data\sample_img\41207\IMG_20201118_231417.png,41207,unknown,
41207_0034,src\pill_ai\Pill_ai_pc3\data\sample_img\41207\IMG_20201118_231418.png,41207,unknown,
41207_0035,src\pill_ai\Pill_ai_pc3\data\sample_img\41207\IMG_20201118_231419.png,41207,unknown,
41207_0036,src\pill_ai\Pill_ai_pc3\data\sample_img\41207\IMG_20201118_231421.png,41207,unknown,
41207_0037,src\pill_ai\Pill_ai_pc3\data\sample_img\41207\IMG_20201118_231422.png,41207,unknown,
41207_0038,src\pill_ai\Pill_ai_pc3\data\sample_img\41207\IMG_20201118_231423.png,41207,unknown,
41207_0039,src\pill_ai\Pill_ai_pc3\data\sample_img\41207\IMG_20201118_231424.png,41207,unknown,
41207_0040,src\pill_ai\Pill_ai_pc3\data\sample_img\41207\IMG_20201118_231426.png,41207,unknown,
41225_0001,src\pill_ai\Pill_ai_pc3\data\sample_img\41225\IMG_20201117_193251.png,41225,unknown,
41225_0002,src\pill_ai\Pill_ai_pc3\data\sample_img\41225\IMG_20201117_193253.png,41225,unknown,
41225_0003,src\pill_ai\Pill_ai_pc3\data\sample_img\41225\IMG_20201117_193254.png,41225,unknown,
41225_0004,src\pill_ai\Pill_ai_pc3\data\sample_img\41225\IMG_20201117_193255.png,41225,unknown,
41225_0005,src\pill_ai\Pill_ai_pc3\data\sample_img\41225\IMG_20201117_193256.png,41225,unknown,
41225_0006,src\pill_ai\Pill_ai_pc3\data\sample_img\41225\IMG_20201117_193258.png,41225,unknown,
41225_0007,src\pill_ai\Pill_ai_pc3\data\sample_img\41225\IMG_20201117_193259.png,41225,unknown,
41225_0008,src\pill_ai\Pill_ai_pc3\data\sample_img\41225\IMG_20201117_193300.png,41225,unknown,
41225_0009,src\pill_ai\Pill_ai_pc3\data\sample_img\41225\IMG_20201117_193302.png,41225,unknown,
41225_0010,src\pill_ai\Pill_ai_pc3\data\sample_img\41225\IMG_20201117_193303.png,41225,unknown,
41225_0011,src\pill_ai\Pill_ai_pc3\data\sample_img\41225\IMG_20201117_193304.png,41225,unknown,
41225_0012,src\pill_ai\Pill_ai_pc3\data\sample_img\41225\IMG_20201117_193306.png,41225,unknown,
41225_0013,src\pill_ai\Pill_ai_pc3\data\sample_img\41225\IMG_20201117_193307.png,41225,unknown,
41225_0014,src\pill_ai\Pill_ai_pc3\data\sample_img\41225\IMG_20201117_193308.png,41225,unknown,
41225_0015,src\pill_ai\Pill_ai_pc3\data\sample_img\41225\IMG_20201117_193309.png,41225,unknown,
41225_0016,src\pill_ai\Pill_ai_pc3\data\sample_img\41225\IMG_20201117_193311.png,41225,unknown,
41225_0017,src\pill_ai\Pill_ai_pc3\data\sample_img\41225\IMG_20201117_193312.png,41225,unknown,
41225_0018,src\pill_ai\Pill_ai_pc3\data\sample_img\41225\IMG_20201117_193313.png,41225,unknown,
41225_0019,src\pill_ai\Pill_ai_pc3\data\sample_img\41225\IMG_20201117_193315.png,41225,unknown,
41225_0020,src\pill_ai\Pill_ai_pc3\data\sample_img\41225\IMG_20201117_193316.png,41225,unknown,
41225_0021,src\pill_ai\Pill_ai_pc3\data\sample_img\41225\IMG_20201117_193322.png,41225,unknown,
41225_0022,src\pill_ai\Pill_ai_pc3\data\sample_img\41225\IMG_20201117_193323.png,41225,unknown,
41225_0023,src\pill_ai\Pill_ai_pc3\data\sample_img\41225\IMG_20201117_193324.png,41225,unknown,
41225_0024,src\pill_ai\Pill_ai_pc3\data\sample_img\41225\IMG_20201117_193326.png,41225,unknown,
41225_0025,src\pill_ai\Pill_ai_pc3\data\sample_img\41225\IMG_20201117_193327.png,41225,unknown,
41225_0026,src\pill_ai\Pill_ai_pc3\data\sample_img\41225\IMG_20201117_193328.png,41225,unknown,
41225_0027,src\pill_ai\Pill_ai_pc3\data\sample_img\41225\IMG_20201117_193329.png,41225,unknown,
41225_0028,src\pill_ai\Pill_ai_pc3\data\sample_img\41225\IMG_20201117_193331.png,41225,unknown,
41225_0029,src\pill_ai\Pill_ai_pc3\data\sample_img\41225\IMG_20201117_193332.png,41225,unknown,
41225_0030,src\pill_ai\Pill_ai_pc3\data\sample_img\41225\IMG_20201117_193333.png,41225,unknown,
41225_0031,src\pill_ai\Pill_ai_pc3\data\sample_img\41225\IMG_20201117_193335.png,41225,unknown,
41225_0032,src\pill_ai\Pill_ai_pc3\data\sample_img\41225\IMG_20201117_193336.png,41225,unknown,
41225_0033,src\pill_ai\Pill_ai_pc3\data\sample_img\41225\IMG_20201117_193337.png,41225,unknown,
41225_0034,src\pill_ai\Pill_ai_pc3\data\sample_img\41225\IMG_20201117_193339.png,41225,unknown,
41225_0035,src\pill_ai\Pill_ai_pc3\data\sample_img\41225\IMG_20201117_193340.png,41225,unknown,
41225_0036,src\pill_ai\Pill_ai_pc3\data\sample_img\41225\IMG_20201117_193341.png,41225,unknown,
41225_0037,src\pill_ai\Pill_ai_pc3\data\sample_img\41225\IMG_20201117_193342.png,41225,unknown,
41225_0038,src\pill_ai\Pill_ai_pc3\data\sample_img\41225\IMG_20201117_193344.png,41225,unknown,
41225_0039,src\pill_ai\Pill_ai_pc3\data\sample_img\41225\IMG_20201117_193345.png,41225,unknown,
41225_0040,src\pill_ai\Pill_ai_pc3\data\sample_img\41225\IMG_20201117_193346.png,41225,unknown,
41327_0001,src\pill_ai\Pill_ai_pc3\data\sample_img\41327\IMG_20201117_213632.png,41327,unknown,
41327_0002,src\pill_ai\Pill_ai_pc3\data\sample_img\41327\IMG_20201117_213634.png,41327,unknown,
41327_0003,src\pill_ai\Pill_ai_pc3\data\sample_img\41327\IMG_20201117_213635.png,41327,unknown,
41327_0004,src\pill_ai\Pill_ai_pc3\data\sample_img\41327\IMG_20201117_213636.png,41327,unknown,
41327_0005,src\pill_ai\Pill_ai_pc3\data\sample_img\41327\IMG_20201117_213637.png,41327,unknown,
41327_0006,src\pill_ai\Pill_ai_pc3\data\sample_img\41327\IMG_20201117_213639.png,41327,unknown,
41327_0007,src\pill_ai\Pill_ai_pc3\data\sample_img\41327\IMG_20201117_213640.png,41327,unknown,
41327_0008,src\pill_ai\Pill_ai_pc3\data\sample_img\41327\IMG_20201117_213641.png,41327,unknown,
41327_0009,src\pill_ai\Pill_ai_pc3\data\sample_img\41327\IMG_20201117_213643.png,41327,unknown,
41327_0010,src\pill_ai\Pill_ai_pc3\data\sample_img\41327\IMG_20201117_213644.png,41327,unknown,
41327_0011,src\pill_ai\Pill_ai_pc3\data\sample_img\41327\IMG_20201117_213645.png,41327,unknown,
41327_0012,src\pill_ai\Pill_ai_pc3\data\sample_img\41327\IMG_20201117_213647.png,41327,unknown,
41327_0013,src\pill_ai\Pill_ai_pc3\data\sample_img\41327\IMG_20201117_213648.png,41327,unknown,
41327_0014,src\pill_ai\Pill_ai_pc3\data\sample_img\41327\IMG_20201117_213649.png,41327,unknown,
41327_0015,src\pill_ai\Pill_ai_pc3\data\sample_img\41327\IMG_20201117_213651.png,41327,unknown,
41327_0016,src\pill_ai\Pill_ai_pc3\data\sample_img\41327\IMG_20201117_213652.png,41327,unknown,
41327_0017,src\pill_ai\Pill_ai_pc3\data\sample_img\41327\IMG_20201117_213653.png,41327,unknown,
41327_0018,src\pill_ai\Pill_ai_pc3\data\sample_img\41327\IMG_20201117_213654.png,41327,unknown,
41327_0019,src\pill_ai\Pill_ai_pc3\data\sample_img\41327\IMG_20201117_213656.png,41327,unknown,
41327_0020,src\pill_ai\Pill_ai_pc3\data\sample_img\41327\IMG_20201117_213657.png,41327,unknown,
41327_0021,src\pill_ai\Pill_ai_pc3\data\sample_img\41327\IMG_20201117_213702.png,41327,unknown,
41327_0022,src\pill_ai\Pill_ai_pc3\data\sample_img\41327\IMG_20201117_213704.png,41327,unknown,
41327_0023,src\pill_ai\Pill_ai_pc3\data\sample_img\41327\IMG_20201117_213705.png,41327,unknown,
41327_0024,src\pill_ai\Pill_ai_pc3\data\sample_img\41327\IMG_20201117_213706.png,41327,unknown,
41327_0025,src\pill_ai\Pill_ai_pc3\data\sample_img\41327\IMG_20201117_213708.png,41327,unknown,
41327_0026,src\pill_ai\Pill_ai_pc3\data\sample_img\41327\IMG_20201117_213709.png,41327,unknown,
41327_0027,src\pill_ai\Pill_ai_pc3\data\sample_img\41327\IMG_20201117_213710.png,41327,unknown,
41327_0028,src\pill_ai\Pill_ai_pc3\data\sample_img\41327\IMG_20201117_213711.png,41327,unknown,
41327_0029,src\pill_ai\Pill_ai_pc3\data\sample_img\41327\IMG_20201117_213713.png,41327,unknown,
41327_0030,src\pill_ai\Pill_ai_pc3\data\sample_img\41327\IMG_20201117_213714.png,41327,unknown,
41327_0031,src\pill_ai\Pill_ai_pc3\data\sample_img\41327\IMG_20201117_213715.png,41327,unknown,
41327_0032,src\pill_ai\Pill_ai_pc3\data\sample_img\41327\IMG_20201117_213717.png,41327,unknown,
41327_0033,src\pill_ai\Pill_ai_pc3\data\sample_img\41327\IMG_20201117_213718.png,41327,unknown,
41327_0034,src\pill_ai\Pill_ai_pc3\data\sample_img\41327\IMG_20201117_213719.png,41327,unknown,
41327_0035,src\pill_ai\Pill_ai_pc3\data\sample_img\41327\IMG_20201117_213721.png,41327,unknown,
41327_0036,src\pill_ai\Pill_ai_pc3\data\sample_img\41327\IMG_20201117_213722.png,41327,unknown,
41327_0037,src\pill_ai\Pill_ai_pc3\data\sample_img\41327\IMG_20201117_213723.png,41327,unknown,
41327_0038,src\pill_ai\Pill_ai_pc3\data\sample_img\41327\IMG_20201117_213725.png,41327,unknown,
41327_0039,src\pill_ai\Pill_ai_pc3\data\sample_img\41327\IMG_20201117_213726.png,41327,unknown,
41327_0040,src\pill_ai\Pill_ai_pc3\data\sample_img\41327\IMG_20201117_213727.png,41327,unknown,
41344_0001,src\pill_ai\Pill_ai_pc3\data\sample_img\41344\IMG_20201120_002100.png,41344,unknown,
41344_0002,src\pill_ai\Pill_ai_pc3\data\sample_img\41344\IMG_20201120_002101.png,41344,unknown,
41344_0003,src\pill_ai\Pill_ai_pc3\data\sample_img\41344\IMG_20201120_002102.png,41344,unknown,
41344_0004,src\pill_ai\Pill_ai_pc3\data\sample_img\41344\IMG_20201120_002104.png,41344,unknown,
41344_0005,src\pill_ai\Pill_ai_pc3\data\sample_img\41344\IMG_20201120_002105.png,41344,unknown,
41344_0006,src\pill_ai\Pill_ai_pc3\data\sample_img\41344\IMG_20201120_002106.png,41344,unknown,
41344_0007,src\pill_ai\Pill_ai_pc3\data\sample_img\41344\IMG_20201120_002108.png,41344,unknown,
41344_0008,src\pill_ai\Pill_ai_pc3\data\sample_img\41344\IMG_20201120_002109.png,41344,unknown,
41344_0009,src\pill_ai\Pill_ai_pc3\data\sample_img\41344\IMG_20201120_002110.png,41344,unknown,
41344_0010,src\pill_ai\Pill_ai_pc3\data\sample_img\41344\IMG_20201120_002112.png,41344,unknown,
41344_0011,src\pill_ai\Pill_ai_pc3\data\sample_img\41344\IMG_20201120_002113.png,41344,unknown,
41344_0012,src\pill_ai\Pill_ai_pc3\data\sample_img\41344\IMG_20201120_002114.png,41344,unknown,
41344_0013,src\pill_ai\Pill_ai_pc3\data\sample_img\41344\IMG_20201120_002115.png,41344,unknown,
41344_0014,src\pill_ai\Pill_ai_pc3\data\sample_img\41344\IMG_20201120_002117.png,41344,unknown,
41344_0015,src\pill_ai\Pill_ai_pc3\data\sample_img\41344\IMG_20201120_002118.png,41344,unknown,
41344_0016,src\pill_ai\Pill_ai_pc3\data\sample_img\41344\IMG_20201120_002119.png,41344,unknown,
41344_0017,src\pill_ai\Pill_ai_pc3\data\sample_img\41344\IMG_20201120_002121.png,41344,unknown,
41344_0018,src\pill_ai\Pill_ai_pc3\data\sample_img\41344\IMG_20201120_002122.png,41344,unknown,
41344_0019,src\pill_ai\Pill_ai_pc3\data\sample_img\41344\IMG_20201120_002123.png,41344,unknown,
41344_0020,src\pill_ai\Pill_ai_pc3\data\sample_img\41344\IMG_20201120_002125.png,41344,unknown,
41344_0021,src\pill_ai\Pill_ai_pc3\data\sample_img\41344\IMG_20201120_002134.png,41344,unknown,
41344_0022,src\pill_ai\Pill_ai_pc3\data\sample_img\41344\IMG_20201120_002136.png,41344,unknown,
41344_0023,src\pill_ai\Pill_ai_pc3\data\sample_img\41344\IMG_20201120_002137.png,41344,unknown,
41344_0024,src\pill_ai\Pill_ai_pc3\data\sample_img\41344\IMG_20201120_002138.png,41344,unknown,
41344_0025,src\pill_ai\Pill_ai_pc3\data\sample_img\41344\IMG_20201120_002140.png,41344,unknown,
41344_0026,src\pill_ai\Pill_ai_pc3\data\sample_img\41344\IMG_20201120_002141.png,41344,unknown,
41344_0027,src\pill_ai\Pill_ai_pc3\data\sample_img\41344\IMG_20201120_002142.png,41344,unknown,
41344_0028,src\pill_ai\Pill_ai_pc3\data\sample_img\41344\IMG_20201120_002144.png,41344,unknown,
41344_0029,src\pill_ai\Pill_ai_pc3\data\sample_img\41344\IMG_20201120_002145.png,41344,unknown,
41344_0030,src\pill_ai\Pill_ai_pc3\data\sample_img\41344\IMG_20201120_002146.png,41344,unknown,
41344_0031,src\pill_ai\Pill_ai_pc3\data\sample_img\41344\IMG_20201120_002148.png,41344,unknown,
41344_0032,src\pill_ai\Pill_ai_pc3\data\sample_img\41344\IMG_20201120_002149.png,41344,unknown,
41344_0033,src\pill_ai\Pill_ai_pc3\data\sample_img\41344\IMG_20201120_002150.png,41344,unknown,
41344_0034,src\pill_ai\Pill_ai_pc3\data\sample_img\41344\IMG_20201120_002151.png,41344,unknown,
41344_0035,src\pill_ai\Pill_ai_pc3\data\sample_img\41344\IMG_20201120_002153.png,41344,unknown,
41344_0036,src\pill_ai\Pill_ai_pc3\data\sample_img\41344\IMG_20201120_002154.png,41344,unknown,
41344_0037,src\pill_ai\Pill_ai_pc3\data\sample_img\41344\IMG_20201120_002155.png,41344,unknown,
41344_0038,src\pill_ai\Pill_ai_pc3\data\sample_img\41344\IMG_20201120_002157.png,41344,unknown,
41344_0039,src\pill_ai\Pill_ai_pc3\data\sample_img\41344\IMG_20201120_002158.png,41344,unknown,
41344_0040,src\pill_ai\Pill_ai_pc3\data\sample_img\41344\IMG_20201120_002159.png,41344,unknown,
